username,followers,following,public_repos,created_at,updated_at
AbrahamSantiago,20,12,16,2022-02-09T03:48:59Z,2025-06-16T22:06:06Z
Nicolas-Bueno,20,14,40,2022-02-10T20:03:28Z,2025-11-27T22:19:07Z
Ghazaleh-J,20,26,20,2022-03-01T06:01:18Z,2025-02-08T12:20:31Z
zangadoprojets,20,0,1,2022-03-05T17:06:04Z,2026-04-06T17:33:36Z
MagaliLimaDev,20,17,18,2022-02-16T19:51:26Z,2023-08-08T14:00:02Z
dianakwamboka,20,17,176,2022-02-16T12:45:08Z,2023-04-11T17:03:32Z
andrew1andrew,20,20,9,2021-09-20T15:37:41Z,2026-03-23T05:41:54Z
IvanJahan,20,34,3,2021-09-29T22:31:51Z,2025-12-04T17:13:28Z
ErbosynNurbol,20,5,12,2015-03-13T03:36:19Z,2026-04-07T05:35:41Z
JonLee9257,20,31,5,2021-10-16T16:41:54Z,2026-04-01T01:48:12Z
FatimaMelo,20,0,34,2021-10-22T16:56:28Z,2025-09-03T11:20:35Z
VCESalesforce,20,0,0,2021-10-25T08:22:00Z,2024-09-23T11:24:26Z
feven2552,20,9,25,2021-10-30T09:03:51Z,2025-04-30T13:55:12Z
Aakash-Naykude,20,30,53,2021-10-02T05:06:14Z,2026-01-02T13:15:00Z
yasmin-io,20,16,23,2021-11-05T01:54:14Z,2024-11-21T12:18:39Z
zzz0105,20,22,4,2022-01-13T01:33:17Z,2025-02-18T06:57:30Z
rimwaka,20,33,17,2021-11-17T18:11:38Z,2026-03-04T12:33:39Z
Develoi89,20,20,25,2022-01-11T19:04:34Z,2025-12-22T16:50:32Z
Usmchurst,20,29,35,2022-01-10T18:25:45Z,2022-06-12T18:00:47Z
aliyasincicek,20,27,15,2021-11-16T11:36:57Z,2022-08-31T07:08:25Z
Dmitriy120588,20,10,4,2021-11-28T11:07:34Z,2026-02-01T07:12:45Z
GamingShibaBSC,20,0,0,2021-11-16T22:11:06Z,2021-11-27T00:54:58Z
Ramon-DS,20,33,21,2021-12-03T02:31:58Z,2026-03-04T19:25:36Z
EmanMohamed2,20,32,13,2021-12-04T18:50:22Z,2023-10-16T10:50:26Z
Devjaymmy,20,9,10,2021-11-29T06:10:57Z,2023-12-30T19:33:03Z
ArexanK,20,26,58,2021-11-20T12:33:28Z,2025-02-12T09:08:52Z
mahmutyazar,20,33,7,2021-11-24T20:56:18Z,2023-03-17T09:58:38Z
piyushxcpp,20,12,13,2021-12-09T13:08:13Z,2025-10-11T14:46:30Z
GustavoCavaretto,20,19,9,2022-03-15T23:11:59Z,2022-08-10T22:38:37Z
H4CK-M4N,20,10,10,2022-03-20T17:41:36Z,2022-03-27T19:07:56Z
diorm47,20,2,85,2022-03-21T13:56:06Z,2025-12-15T18:10:11Z
Gi0vana,20,6,6,2022-03-25T00:43:00Z,2024-10-16T18:56:43Z
Ranjit0979,20,13,15,2022-03-11T09:14:37Z,2025-01-30T09:30:32Z
CarlaUyemura,20,9,20,2022-01-31T19:04:12Z,2024-07-17T12:52:36Z
Schreibmaschinespricht,20,202,0,2022-02-19T00:35:18Z,2025-04-20T11:53:58Z
aikba666,20,0,0,2021-09-23T12:39:59Z,2026-03-03T04:38:18Z
ajinjl77,20,58,1,2021-09-23T12:07:45Z,2024-05-09T08:36:07Z
HussienSaeed,20,22,18,2022-04-06T06:09:11Z,2025-05-18T14:13:22Z
jlegrand-79,20,51,38,2022-04-14T10:17:59Z,2026-01-02T15:21:39Z
Nelson-Singleton,20,24,67,2020-06-23T22:21:51Z,2021-01-12T00:33:57Z
vilo4kaaa,20,31,0,2020-07-05T21:17:16Z,2026-01-23T07:41:14Z
Drinpy,20,29,37,2020-05-30T19:14:26Z,2026-04-06T12:58:30Z
mokrzel,20,18,1,2020-06-29T19:36:26Z,2024-11-12T18:09:29Z
jhilesyoung,20,21,6,2020-06-16T15:17:29Z,2026-02-25T14:44:27Z
ELEMENTFI,20,0,24,2020-05-28T17:13:12Z,2025-01-21T17:16:05Z
MelodiousWarbler,20,27,9,2020-04-10T11:52:38Z,2024-12-06T07:29:43Z
oguzhancokyilmaz,20,18,25,2020-04-15T20:56:41Z,2025-08-25T16:21:29Z
txrx0031,20,0,1,2020-04-15T23:55:16Z,2022-04-09T02:38:23Z
BethRyan,20,0,5,2020-04-13T23:37:57Z,2020-10-14T22:48:10Z
jnl1128,20,20,20,2020-04-21T04:17:46Z,2025-07-05T04:33:41Z
lopamudra2000,20,12,29,2020-04-16T13:24:49Z,2025-03-21T08:39:42Z
AndrejaCH,20,7,36,2020-05-08T20:33:23Z,2021-08-03T20:15:20Z
Turmbeoz,20,25,12,2020-04-17T18:26:35Z,2023-03-16T21:01:33Z
jttilley,20,25,31,2020-05-23T13:32:38Z,2025-01-16T18:32:36Z
tombruaire,20,40,0,2020-04-24T08:55:40Z,2025-11-22T14:13:22Z
Enginatics,20,0,2,2020-04-23T14:58:07Z,2020-05-22T13:51:57Z
Bora-QA,20,0,2,2020-05-08T01:42:41Z,2020-05-15T19:15:46Z
nina0-0nina,20,20,15,2020-11-10T20:47:35Z,2026-02-14T16:26:08Z
euJess,20,36,5,2020-11-14T17:06:21Z,2025-11-19T15:20:54Z
chjy0202,20,25,8,2020-10-14T08:54:11Z,2025-12-02T17:13:09Z
Some-CodingGuy,20,16,11,2020-10-21T11:24:31Z,2025-08-27T21:01:50Z
Laura-Bullek,20,15,32,2020-11-05T18:46:20Z,2021-06-29T00:32:11Z
Iarkovenko,20,0,27,2017-05-17T17:39:42Z,2026-04-22T11:05:24Z
haraprasadhota,20,3,15,2020-08-16T15:14:37Z,2021-01-05T05:59:00Z
ks00919,20,21,8,2020-08-17T10:25:41Z,2024-12-26T04:40:03Z
StaVan28,20,14,16,2020-08-27T10:46:18Z,2026-03-20T12:41:15Z
vitomichael,20,19,31,2020-08-27T06:02:55Z,2025-04-27T14:13:31Z
EdgarAnt,20,20,112,2020-08-10T23:12:52Z,2025-10-08T11:20:59Z
ollienicholson,20,14,0,2020-08-10T22:43:57Z,2026-02-11T22:05:09Z
javsflores,20,27,33,2020-07-20T22:01:56Z,2024-11-12T18:47:48Z
giovannarigolei,20,21,18,2020-07-21T00:06:10Z,2025-11-13T18:07:59Z
Ibrahim-sho,20,53,21,2020-09-04T12:31:18Z,2022-09-26T17:43:16Z
00jongyun00,20,26,91,2020-09-04T12:33:29Z,2025-08-07T07:14:04Z
HepoHB,20,6,14,2020-07-29T08:18:12Z,2025-07-06T02:56:42Z
moha991,20,46,7,2020-11-20T15:20:26Z,2026-01-14T13:18:46Z
soulfly34,20,5,7,2020-12-04T11:30:45Z,2022-09-09T21:18:27Z
nimaprmdi,20,10,41,2020-12-09T09:46:22Z,2025-12-20T13:37:07Z
codegode23,20,19,38,2020-12-13T14:55:01Z,2026-04-11T00:32:37Z
herczogzoltan,20,46,9,2015-05-31T19:21:53Z,2025-12-18T12:43:12Z
edward11-vip,20,9,3,2021-01-08T01:48:11Z,2025-01-18T13:57:15Z
soonduqq,20,17,4,2021-01-14T21:28:45Z,2026-02-23T17:06:50Z
furkannkaymaz,20,14,28,2020-11-21T20:40:18Z,2025-11-27T13:48:37Z
niv-bar,20,18,23,2020-12-27T16:05:07Z,2026-04-15T16:02:27Z
chideraigwe,20,9,2,2021-02-02T05:23:09Z,2024-03-12T17:21:24Z
Utsar,20,110,79,2021-01-27T00:18:49Z,2024-02-02T18:01:20Z
CarlaGRibeiro,20,22,23,2021-01-29T03:32:54Z,2025-12-05T17:39:19Z
Rumel08,20,23,0,2021-02-09T11:38:13Z,2025-12-01T22:24:08Z
agustinagarciarey,20,28,8,2021-02-15T13:20:07Z,2026-03-15T03:54:15Z
nathantoannguyen,20,21,16,2021-02-17T03:02:16Z,2024-07-24T21:49:42Z
uttampandit,20,22,11,2021-02-13T17:20:07Z,2026-04-18T05:37:46Z
izabellyml,20,21,3,2021-02-23T14:18:58Z,2025-07-04T02:16:53Z
ioletsgo,20,8,7,2018-02-27T22:51:03Z,2025-09-09T20:06:22Z
shubamwalia,20,0,8,2018-03-05T15:10:27Z,2026-03-24T03:34:29Z
Kimsihwan,20,65,95,2018-03-08T05:19:51Z,2026-03-10T23:27:06Z
YeTian-93,20,7,6,2018-02-13T21:53:39Z,2022-12-04T04:56:36Z
AsaOfDiamonds,20,19,117,2018-02-13T19:02:05Z,2024-08-04T11:19:02Z
maobuu,20,0,0,2017-04-05T07:43:57Z,2025-08-10T11:18:06Z
aritradey97,20,8,41,2017-04-06T15:35:53Z,2026-04-15T13:52:30Z
mvono,20,7,11,2017-04-30T08:15:43Z,2026-02-03T13:56:08Z
RyoJerryYu,20,63,104,2018-02-05T10:13:19Z,2026-03-19T05:16:10Z
bradserlis,20,18,65,2018-02-23T20:37:04Z,2025-10-04T04:33:32Z
FuzzyRabbit,20,2,0,2018-02-25T06:54:45Z,2020-06-10T00:27:41Z
zhangheng941002,20,0,10,2018-01-19T09:23:29Z,2026-03-27T02:00:46Z
marissabarlaz,20,0,3,2018-01-24T18:38:22Z,2022-03-23T02:41:52Z
MrLordSith,20,0,7,2018-03-13T20:07:26Z,2026-02-25T14:02:00Z
jason967,20,19,38,2018-03-16T07:13:46Z,2024-05-03T06:57:28Z
viniciuspolux,20,19,18,2017-07-31T19:43:39Z,2025-12-29T23:55:25Z
nicolascouvrat,20,3,29,2017-08-10T07:31:20Z,2025-12-11T09:58:35Z
moyu-yyds,20,20,13,2017-09-05T02:50:40Z,2023-09-06T05:49:03Z
Ivan-lan,20,133,29,2017-09-07T05:42:25Z,2022-08-03T13:10:00Z
briemcnally,20,0,43,2017-09-08T22:35:32Z,2022-06-26T15:29:13Z
AlirezaMorsali,20,9,34,2017-09-24T16:44:51Z,2026-02-25T21:52:06Z
akyo8,20,2,45,2017-05-25T08:40:31Z,2023-10-30T14:51:33Z
lovemercybiz,20,42,33,2017-06-10T22:24:00Z,2025-04-11T01:41:04Z
marrvins,20,115,0,2017-07-17T11:24:07Z,2022-08-10T21:35:57Z
mayasingh39,20,97,8,2017-07-27T09:25:32Z,2026-04-17T07:15:37Z
firstborg,20,0,3,2017-06-22T19:05:48Z,2022-07-16T11:44:44Z
papotus,20,3,0,2017-06-03T20:30:45Z,2021-02-24T15:27:36Z
cmourlas,20,0,4,2017-06-18T13:15:31Z,2022-06-27T13:52:39Z
yudhagalang,20,25,14,2017-09-06T21:13:07Z,2025-12-30T15:10:16Z
Luke-lujunxian,20,9,35,2017-09-21T15:48:41Z,2026-04-06T11:57:13Z
silencessss,20,46,35,2017-09-25T08:41:16Z,2025-06-27T19:02:32Z
aluruiz,20,18,16,2017-09-28T11:49:30Z,2025-04-01T15:11:46Z
JayOneTheSk8,20,19,87,2017-10-04T23:03:27Z,2026-03-18T01:18:53Z
HeenGhIIT,20,8,13,2017-10-07T02:11:06Z,2021-11-07T05:50:30Z
diprajpatra,20,0,3,2017-11-22T15:25:43Z,2024-08-24T16:02:13Z
arifparvez14,20,30,44,2017-11-22T08:49:26Z,2026-01-06T18:05:12Z
duguiming111,20,18,15,2017-10-21T02:46:32Z,2026-03-10T14:18:10Z
inkarnasion,20,29,12,2017-11-16T19:03:44Z,2023-03-30T11:58:19Z
git-doge,20,54,6,2017-11-04T21:04:59Z,2026-04-11T02:58:17Z
markie-dev,20,1,15,2017-12-11T04:54:40Z,2025-12-24T04:33:04Z
ademsas1026,20,18,12,2017-12-21T16:28:20Z,2024-11-28T16:17:55Z
menhood,20,30,28,2017-12-10T14:00:15Z,2025-12-16T23:15:55Z
gafmn,20,12,16,2017-12-09T14:16:56Z,2026-03-09T17:47:34Z
TENTOfficial,20,0,70,2017-12-22T07:38:10Z,2023-04-12T07:16:12Z
HyperDbgBot,20,2,9,2017-12-23T20:20:27Z,2026-03-16T15:30:47Z
raktim-ghosh,20,13,14,2017-10-04T03:37:05Z,2026-01-13T09:03:05Z
giancarloC,20,26,7,2018-01-06T16:28:31Z,2026-04-16T15:00:27Z
kenzs,20,20,2,2018-04-04T21:09:08Z,2021-01-31T22:38:24Z
hashmi7917,20,18,69,2018-04-29T11:01:50Z,2024-12-01T05:33:17Z
se-looper,20,54,6,2018-05-31T01:37:45Z,2021-04-12T08:17:24Z
jkchengh,20,19,7,2018-04-25T00:05:39Z,2023-11-06T03:30:37Z
mahdisharifloo,20,24,21,2018-03-24T18:49:27Z,2025-01-25T10:23:52Z
Wistar777,20,7,19,2018-05-22T10:56:03Z,2026-02-23T14:27:33Z
SUAN4423,20,13,16,2018-05-04T05:31:56Z,2025-12-28T03:59:33Z
eliqwamo,20,0,21,2018-04-13T04:30:23Z,2024-11-23T20:03:11Z
keisukefujii,20,0,11,2018-03-30T06:55:57Z,2025-12-01T05:07:07Z
andreasdahl1987,20,1,8,2018-07-03T08:00:27Z,2026-02-14T09:28:15Z
samupp2758,20,28,8,2018-07-15T12:28:00Z,2026-03-25T01:02:47Z
RaguRamanTB,20,21,16,2018-07-18T11:44:55Z,2024-10-15T15:01:53Z
SheLovesCode,20,26,13,2018-06-29T20:57:15Z,2026-03-09T16:33:52Z
brokolililer,20,4,2,2018-07-12T19:46:14Z,2026-03-11T21:32:41Z
bsumlin,20,0,13,2017-07-20T21:24:44Z,2022-11-02T11:07:48Z
heavysink,20,3,11,2017-08-06T04:11:29Z,2026-03-04T14:03:54Z
paulaperoutka,20,20,33,2017-08-24T00:28:37Z,2024-10-28T14:52:15Z
akshaymittur,20,16,17,2018-08-04T16:22:52Z,2024-05-20T11:15:59Z
bryanjwong,20,15,5,2018-08-05T06:16:01Z,2025-09-15T02:07:34Z
element-of-surprise,20,0,20,2018-08-10T18:40:03Z,2026-01-07T16:20:05Z
xavierolivares,20,26,53,2018-08-22T05:10:04Z,2023-07-25T03:01:24Z
st2yang,20,39,11,2017-10-15T00:24:24Z,2026-04-13T21:24:11Z
Surajgaire0,20,9,15,2017-11-01T10:19:30Z,2024-07-18T03:49:57Z
benjamin-lewandowski,20,137,0,2017-11-01T08:22:08Z,2024-04-29T07:17:40Z
Campbell1695,20,17,15,2017-10-16T15:01:03Z,2020-03-08T02:16:28Z
tjouinrmld,20,10,4,2017-11-09T12:41:07Z,2025-12-02T20:12:53Z
NastyRu,20,2,30,2017-10-21T16:49:07Z,2025-05-18T08:35:35Z
seaung,20,0,82,2017-12-01T03:18:58Z,2025-10-14T15:18:11Z
JMantello,20,37,3,2018-04-07T15:50:02Z,2026-04-16T00:50:49Z
artistasuave,20,14,17,2018-04-20T10:48:17Z,2021-04-12T18:00:58Z
SamsonHua,20,20,20,2018-05-11T03:36:39Z,2024-10-05T21:40:34Z
marie-lu,20,28,5,2018-05-13T19:03:03Z,2025-05-13T20:05:18Z
Auleen,20,24,27,2018-09-10T09:26:06Z,2025-07-03T03:36:01Z
codewnw,20,0,39,2018-09-17T16:41:45Z,2021-06-27T04:43:41Z
LisaTsai,20,26,29,2015-12-15T11:58:24Z,2026-04-16T07:55:20Z
AnumSheraz,20,3,15,2015-12-14T17:28:07Z,2025-09-30T21:27:15Z
xaviertobin,20,0,0,2016-03-01T05:19:42Z,2023-01-21T08:12:01Z
lylllcc,20,7,28,2016-02-29T15:15:41Z,2017-10-11T12:57:18Z
stxjr,20,20,3,2016-04-10T00:44:39Z,2018-10-24T19:01:11Z
lecomte,20,3,8,2016-04-11T19:23:09Z,2020-08-31T17:36:17Z
christian-vigh-phpclasses,20,0,27,2016-03-23T19:35:49Z,2017-05-18T14:23:38Z
helei2015,20,6,10,2016-01-25T03:12:18Z,2020-07-12T04:29:15Z
qmch,20,4,6,2016-01-24T22:58:53Z,2024-09-27T15:39:19Z
FumikiSAMA,20,22,2,2016-01-28T13:39:38Z,2026-04-02T21:11:23Z
pascalschulz,20,14,15,2015-10-19T10:14:58Z,2021-04-09T17:14:36Z
zsobin,20,0,5,2016-03-15T12:42:44Z,2019-09-06T14:06:49Z
Moonet,20,3,8,2016-03-24T19:36:21Z,2026-01-16T18:34:11Z
becky7,20,313,1,2015-11-26T16:02:13Z,2017-08-14T19:40:12Z
rasky0607,20,14,25,2016-02-02T10:03:30Z,2026-03-02T09:56:31Z
mplsmitch,20,1,7,2015-10-21T17:31:01Z,2025-08-05T18:43:44Z
zhaoxuchunjingshui,20,21,1,2015-10-19T10:42:25Z,2018-04-13T03:44:55Z
jonathanlmartinez,20,16,14,2015-10-20T15:18:59Z,2022-05-05T17:02:10Z
ionutcalofir,20,24,20,2015-12-11T22:41:11Z,2026-04-19T21:32:01Z
gilangtartila99,20,9,25,2015-12-29T14:23:38Z,2026-02-05T14:18:42Z
mcktr,20,11,15,2016-04-20T17:39:05Z,2026-01-09T21:29:56Z
gsabato,20,31,2,2015-05-14T18:06:11Z,2024-08-12T14:55:05Z
JackieZhangdx,20,10,4,2015-05-13T07:40:06Z,2021-09-24T09:20:47Z
eversky,20,18,5,2015-05-14T06:36:47Z,2024-11-26T08:10:28Z
robynbanadera,20,20,0,2015-07-31T10:45:40Z,2016-02-28T08:09:25Z
wajidarshad,20,0,16,2015-07-28T14:42:51Z,2026-01-03T03:48:19Z
September-9,20,23,18,2015-03-31T11:38:08Z,2024-08-15T11:17:08Z
Ranqing,20,36,130,2015-03-25T08:21:35Z,2026-03-26T09:31:17Z
scarlet-glass,20,14,49,2015-06-10T13:33:43Z,2022-01-07T18:27:06Z
Tocchetto,20,22,50,2015-05-24T21:23:37Z,2026-03-21T01:41:54Z
wowczarek,20,0,14,2015-06-21T22:55:09Z,2026-03-07T21:59:49Z
markygan123,20,16,58,2015-04-15T07:34:00Z,2026-04-04T16:02:02Z
KyleBWilson49,20,37,49,2015-09-23T18:28:30Z,2019-02-06T19:13:46Z
nathycardoso,20,18,5,2015-09-28T12:36:55Z,2025-09-19T00:59:19Z
JPorts,20,48,15,2015-09-20T10:37:14Z,2021-06-09T18:43:41Z
vinit-shah,20,16,7,2015-09-30T20:56:27Z,2025-11-26T00:43:38Z
Larry-u,20,71,18,2016-03-28T02:58:31Z,2026-03-23T15:05:58Z
xxgicoxx,20,10,40,2015-09-10T23:29:40Z,2026-04-05T05:27:14Z
SyncChannel,20,0,18,2015-08-14T22:47:53Z,2018-05-28T04:11:22Z
bugsz,20,7,14,2015-07-11T07:59:27Z,2025-11-15T19:31:12Z
hyeonson,20,8,16,2015-07-22T05:12:47Z,2025-12-03T14:54:14Z
SobSharma,20,18,15,2015-08-17T08:24:22Z,2024-10-18T12:49:46Z
StefanRadusi,20,0,21,2016-11-29T11:40:39Z,2026-03-18T15:55:05Z
KrasimiraGeorgieva,20,2,30,2016-12-02T09:07:42Z,2024-05-17T20:58:15Z
hughbagan,20,21,22,2017-02-13T17:47:13Z,2026-03-04T21:54:08Z
DPracht,20,0,0,2017-03-02T15:26:55Z,2018-09-09T13:43:08Z
gbacce,20,20,52,2017-03-03T06:24:13Z,2026-01-13T20:41:19Z
alexkimin,20,30,133,2017-03-07T05:44:14Z,2023-12-08T09:16:22Z
myibookmoe,20,0,4,2017-03-08T13:51:31Z,2026-03-24T07:38:34Z
schele,20,0,9,2017-02-22T08:48:34Z,2026-03-20T10:16:44Z
vpfautz,20,7,29,2017-02-24T20:58:37Z,2025-01-23T10:51:22Z
Mychellangello,20,13,3,2016-04-28T11:13:26Z,2024-07-04T14:12:00Z
grayhildreth,20,27,79,2016-04-26T01:45:51Z,2020-02-18T23:47:45Z
a-ridley,20,13,32,2016-04-28T18:57:24Z,2026-03-28T17:30:25Z
dli2016,20,6,23,2016-09-25T03:49:07Z,2026-03-16T13:14:25Z
EMarie128,20,30,11,2016-09-22T22:09:16Z,2021-09-10T17:37:20Z
forbearing,20,56,31,2016-09-27T13:05:28Z,2026-03-22T19:49:17Z
saeedmehr,20,19,15,2016-08-30T20:13:23Z,2023-09-01T13:26:34Z
snyk-community,20,0,108,2016-09-06T11:38:19Z,2017-02-13T08:03:56Z
lasemcode,20,0,12,2017-01-12T18:01:32Z,2017-09-11T08:22:33Z
ElizCarvalho,20,15,76,2016-05-25T10:43:47Z,2026-04-04T00:54:00Z
drewdt1,20,24,4,2016-08-02T02:48:27Z,2021-08-11T23:17:47Z
Ravid12,20,2,14,2016-11-29T23:51:37Z,2023-04-16T06:59:29Z
Rijwandeltax,20,4,14,2016-11-29T16:44:47Z,2026-01-02T13:11:28Z
AmerAlOmari,20,34,14,2016-12-17T13:10:56Z,2017-10-14T17:14:18Z
bedirhancinar,20,20,7,2016-12-18T15:16:30Z,2025-04-30T22:04:47Z
zhangjie000,20,3,12,2017-01-06T01:42:01Z,2021-07-12T02:00:37Z
jill-lee,20,9,13,2017-02-01T03:38:18Z,2023-12-07T17:53:57Z
Tazkia,20,29,10,2016-10-11T02:16:38Z,2023-04-22T01:12:19Z
giselaortt,20,45,30,2016-10-14T17:43:17Z,2026-04-08T12:56:17Z
jackstenglein,20,15,46,2016-10-14T16:03:08Z,2026-04-02T18:05:42Z
waltandmartha,20,31,16,2016-10-16T04:08:40Z,2024-01-01T06:31:27Z
cristian-mattarei,20,0,10,2016-10-17T21:00:51Z,2025-04-02T16:48:16Z
Lyyoness,20,2,14,2016-10-18T02:08:15Z,2023-02-17T22:15:40Z
AhmedKorwash,20,4,16,2016-11-12T22:42:39Z,2024-01-20T23:41:14Z
azat-d,20,1,4,2016-11-13T14:01:47Z,2025-10-27T11:09:44Z
yotsaphonSutweha,20,20,60,2016-10-24T17:15:24Z,2025-02-21T18:36:43Z
antoineguillory,20,23,19,2016-10-28T11:26:18Z,2022-08-27T07:00:12Z
paleotronic,20,0,6,2016-11-04T21:15:36Z,2026-02-08T22:09:33Z
vickswift,20,10,34,2016-11-09T03:43:27Z,2024-12-29T21:07:57Z
againxx,20,9,52,2016-10-09T14:54:35Z,2026-04-09T16:34:29Z
Irynavb,20,29,31,2016-10-02T05:18:56Z,2023-04-27T15:28:02Z
QiLinJane,20,23,10,2016-10-19T14:09:27Z,2022-03-15T13:54:04Z
davidinfante,20,21,24,2016-10-29T22:25:18Z,2025-03-26T08:16:26Z
lwsong,20,0,3,2016-11-02T00:04:14Z,2025-08-30T08:44:27Z
kselkowitz,20,1,11,2016-11-03T22:59:21Z,2026-04-06T22:01:30Z
htangsmart,20,0,17,2016-11-03T09:26:20Z,2026-03-23T10:53:02Z
DianaVashti,20,12,49,2016-06-06T01:42:20Z,2021-06-13T20:21:04Z
matthewxing1,20,12,5,2016-05-28T05:28:20Z,2024-03-02T00:38:24Z
leonardopaganelli,20,25,21,2016-07-25T14:48:19Z,2026-04-07T13:08:25Z
imhighoncoffee,20,6,34,2016-08-04T16:58:22Z,2023-04-28T11:12:35Z
gunaya,20,17,33,2016-08-04T03:38:26Z,2026-01-19T06:35:04Z
bogdantarasenkozp,20,36,23,2016-07-10T21:12:15Z,2024-06-30T12:39:38Z
leah-h,20,25,5,2016-03-03T05:26:59Z,2026-03-20T01:25:06Z
vschs007,20,7,117,2016-03-02T15:30:54Z,2026-04-14T04:23:10Z
rayd1893,20,9,24,2016-03-01T19:36:13Z,2025-11-03T20:42:47Z
LewBr,20,28,22,2016-03-09T19:16:10Z,2025-11-04T21:24:22Z
npq7721,20,0,48,2016-01-14T19:05:40Z,2025-10-24T12:43:55Z
carpetofgreenness,20,30,26,2015-10-20T01:16:05Z,2026-01-23T18:16:52Z
PeteCookeAtDMU,20,0,7,2016-01-12T09:14:38Z,2022-07-12T17:51:41Z
Scaleframe,20,62,21,2016-02-07T05:52:04Z,2022-09-20T20:25:55Z
AmmarYasserHassan,20,5,4,2016-02-13T11:35:26Z,2023-12-09T12:28:24Z
tomateos,20,17,13,2016-03-14T02:40:39Z,2026-03-18T00:11:42Z
vxwong,20,6,3,2017-03-17T10:44:25Z,2026-02-19T09:18:41Z
kimlan1510,20,8,90,2017-04-17T17:02:52Z,2020-07-30T15:34:38Z
yangxiaoyu98,20,13,10,2017-04-25T01:16:02Z,2021-04-27T02:25:37Z
eraser5th,20,13,56,2021-04-24T04:33:59Z,2025-10-14T11:10:16Z
End-Dev-web,20,0,24,2021-04-23T21:59:41Z,2024-02-13T13:33:31Z
brunocallachi,20,31,2,2021-04-25T22:13:26Z,2026-01-22T13:43:07Z
IIITSurat,20,0,0,2021-04-30T10:51:53Z,2023-06-20T08:38:14Z
thaismsb,20,16,40,2021-06-08T19:38:15Z,2026-04-16T19:19:32Z
pstory721,20,1,9,2021-06-15T20:04:47Z,2023-06-29T11:12:57Z
JanainaGarbugio,20,26,27,2021-06-16T05:59:20Z,2025-05-28T02:57:33Z
vincentbarboza,20,7,14,2021-06-04T05:09:56Z,2026-04-19T09:07:53Z
rolerusher,20,21,1,2021-06-07T13:42:42Z,2022-04-13T02:14:38Z
vivitc,20,12,28,2012-03-23T21:48:54Z,2026-02-26T00:30:08Z
Knkumarasinghe,20,25,11,2021-03-30T09:18:04Z,2024-06-20T17:54:37Z
rafamendes9,20,32,13,2021-03-30T07:12:57Z,2026-03-17T19:26:39Z
Eutardigrada,20,10,8,2021-04-03T19:13:10Z,2025-09-29T07:41:43Z
TonyStone31,20,99,133,2021-02-27T22:33:44Z,2025-11-02T17:23:45Z
kwakkyunghee,20,19,89,2021-04-21T05:32:35Z,2023-06-03T16:40:02Z
BurakErenCatal,20,16,8,2021-04-06T11:33:39Z,2025-05-06T13:02:32Z
mluizac,20,22,10,2021-04-06T22:33:15Z,2025-05-05T14:56:37Z
athirson-santos,20,22,21,2021-08-28T17:32:14Z,2026-02-15T13:45:50Z
Joelmalima,20,28,14,2021-08-24T14:40:53Z,2024-02-18T17:53:18Z
yuyunas,20,23,1,2021-08-18T01:48:55Z,2021-09-03T06:34:02Z
LaiseSilva,20,18,32,2021-08-18T17:11:11Z,2025-09-12T23:03:23Z
Ritika-Pandey01,20,6,26,2021-08-10T12:30:44Z,2026-01-05T10:06:12Z
huntandhackett,100,0,11,2020-07-24T14:01:38Z,2025-10-21T22:47:01Z
UvinduRajapakshe,100,92,55,2021-02-20T08:35:10Z,2023-09-29T17:22:20Z
kiyoungkim1,100,3,6,2018-03-10T14:32:40Z,2026-02-27T16:33:19Z
stefandreyer,100,0,18,2018-07-10T22:02:55Z,2026-03-01T13:42:30Z
alex-hhh,100,1,26,2015-03-22T02:09:34Z,2022-11-30T00:09:51Z
jeremyxu2010,100,28,79,2011-04-26T12:25:35Z,2026-04-15T10:28:33Z
Babyyumy,100,99,16,2022-12-22T09:59:48Z,2025-04-09T05:53:44Z
AlmondBreez3,100,93,33,2022-02-16T15:26:24Z,2025-05-31T11:44:20Z
Waboodoo,100,1,9,2012-09-28T13:14:04Z,2026-02-15T11:49:00Z
zhoushiwei,100,197,293,2015-01-26T01:55:19Z,2024-08-09T01:04:11Z
michaelmang,100,6,67,2016-10-01T20:23:51Z,2026-05-01T03:43:46Z
YustantiMuji,100,95,14,2023-07-11T13:55:01Z,2024-02-04T15:46:32Z
DaaeChristine,100,5,1,2023-12-14T03:14:58Z,2026-05-25T16:25:10Z
ESP32Async,100,0,4,2025-01-20T10:58:30Z,2025-01-23T20:44:53Z
balajikris,100,69,68,2013-04-21T03:21:16Z,2026-05-22T11:59:58Z
whiskeysierra,100,13,45,2010-10-06T18:43:26Z,2026-05-29T15:02:19Z
Maru-zhang,100,25,46,2014-10-22T13:07:19Z,2026-02-18T12:07:08Z
feh-franc0,100,81,159,2020-11-19T23:58:25Z,2026-04-25T17:52:21Z
Sukanyasingh3,100,111,32,2022-09-13T16:51:53Z,2026-05-30T13:49:46Z
MuhammadSabah,100,159,118,2020-12-01T17:13:32Z,2026-05-11T06:39:22Z
DougSig,100,2,10,2013-10-08T19:51:47Z,2026-05-31T18:13:04Z
hamidmomivand73,100,66,1,2023-05-26T08:45:50Z,2023-08-25T16:24:45Z
yongqyu,100,0,32,2016-01-05T14:44:26Z,2026-04-11T10:09:13Z
7541-Algoritmos-y-programacion-2,100,0,8,2021-04-23T11:27:54Z,2024-08-16T17:29:09Z
thanhluan73,100,140,6,2016-09-23T06:06:57Z,2025-01-17T14:38:16Z
benmoshe,100,0,16,2012-05-23T21:12:14Z,2026-05-13T11:38:02Z
mbjelonic,100,4,2,2016-10-17T07:20:49Z,2025-12-10T01:55:11Z
wbpowell328,100,0,5,2019-02-13T19:05:52Z,2019-02-13T19:05:52Z
forkercat,100,52,47,2015-02-23T09:39:31Z,2026-03-18T17:25:47Z
Abyravka90,100,18,52,2020-06-08T04:12:43Z,2026-02-18T05:06:32Z
pavlobaron,100,4,47,2010-09-25T06:07:33Z,2026-04-28T14:50:14Z
amychurchwell,100,94,126,2017-07-27T01:16:30Z,2026-06-01T15:24:26Z
ajaytech,100,31,58,2014-02-17T09:47:35Z,2026-05-31T16:12:10Z
steffahn,100,6,48,2013-03-27T15:02:54Z,2026-05-26T17:03:27Z
liferay-continuous-integration,100,0,30,2013-05-22T19:33:50Z,2024-12-18T17:19:42Z
natecavanaugh,100,27,59,2009-08-19T04:16:41Z,2020-03-13T12:24:16Z
nidup,100,42,70,2012-08-06T16:04:06Z,2026-01-15T06:07:14Z
sdierauf,100,63,133,2012-11-22T07:37:55Z,2026-05-26T13:51:29Z
arthurcarneiro1,100,84,55,2023-01-20T16:54:18Z,2026-05-25T11:48:11Z
quacktwins,100,12,0,2024-05-27T18:11:06Z,2025-10-17T14:42:29Z
fcorowe,100,22,79,2017-05-05T16:07:17Z,2026-06-07T05:30:13Z
HELLBOY017,100,12,43,2020-12-16T12:52:58Z,2026-06-06T05:48:34Z
tsahil01,100,34,107,2022-11-21T14:57:01Z,2026-06-06T05:50:18Z
jcsmileyjr,100,17,128,2016-05-13T13:02:57Z,2026-06-07T12:03:30Z
ricklupton,100,0,96,2011-06-27T13:21:55Z,2026-05-12T11:29:58Z
szetszwo,100,0,8,2011-07-11T09:30:08Z,2026-02-08T16:55:19Z
jacobtoye,100,8,22,2011-08-16T21:06:52Z,2025-09-24T19:35:18Z
SadatHossain01,100,51,28,2019-11-04T05:58:18Z,2026-06-02T18:29:10Z
IgnorantGuru,100,2,17,2011-03-06T13:51:19Z,2021-07-18T19:29:03Z
yunyoung1819,100,136,76,2016-03-13T16:56:48Z,2026-05-24T04:10:46Z
fhereduardo90,100,107,17,2012-09-04T20:10:01Z,2026-05-22T18:59:54Z
fazo96,100,50,86,2012-10-12T18:30:01Z,2026-04-03T12:58:08Z
intellij-rust,100,0,9,2015-11-28T11:33:21Z,2020-05-14T15:41:26Z
bobo6891,100,845,6,2015-11-09T09:21:50Z,2021-06-24T10:58:35Z
fadilsflow,100,98,99,2023-09-21T09:05:18Z,2026-06-08T14:18:12Z
muhammedshahinshapottayil,100,146,23,2023-12-08T06:01:18Z,2024-12-04T07:31:10Z
dipespandey,100,152,36,2014-05-30T17:21:04Z,2026-05-28T11:59:34Z
wadearnold,100,46,10,2008-11-06T14:36:40Z,2026-06-07T11:28:49Z
HasanHuseyinDemir,100,69,46,2022-01-30T20:48:07Z,2026-03-31T22:16:17Z
andrewhsu,100,5,53,2009-02-24T21:56:52Z,2025-10-29T23:19:25Z
joshuaflanagan,100,1,96,2009-05-06T01:40:55Z,2026-02-13T03:41:57Z
FatmaNurAkturkk,100,106,29,2022-06-20T17:07:00Z,2025-06-30T09:14:54Z
JohnnyonFlame,100,2,113,2012-08-01T18:02:49Z,2026-01-09T11:19:42Z
evrenaktas0,100,186,3,2017-03-14T17:37:54Z,2026-05-21T22:15:59Z
findlampert,100,68,1,2024-03-27T12:20:48Z,2025-10-28T06:47:01Z
UNICT-DMI,100,0,52,2017-01-14T17:58:17Z,2024-02-08T22:32:12Z
wpt-pr-bot,100,0,0,2016-01-19T15:57:32Z,2022-03-22T18:45:15Z
wjs5025,100,109,25,2016-08-20T05:45:53Z,2026-06-09T07:32:59Z
trustlelab,100,1,29,2012-11-12T21:19:47Z,2026-05-11T12:25:35Z
g2p,100,79,217,2009-03-09T18:08:37Z,2024-12-25T22:39:43Z
securitytemplates,100,0,1,2024-05-01T21:20:41Z,2025-08-23T06:11:02Z
suryakant-greytip,100,83,16,2022-08-13T14:58:22Z,2026-06-05T10:08:48Z
UpperCod,100,60,169,2014-10-12T03:33:50Z,2026-06-02T04:35:14Z
lagden,100,72,440,2009-09-24T20:20:11Z,2026-05-20T13:50:41Z
nbogie,100,86,348,2009-04-02T16:25:08Z,2026-06-10T13:05:16Z
ZallyS2,100,104,53,2021-08-03T21:14:26Z,2026-05-15T13:56:55Z
Lima08,100,93,26,2020-08-15T20:00:27Z,2026-06-11T00:41:43Z
ManIsCat2,100,6,29,2023-06-26T09:06:08Z,2026-05-08T10:17:35Z
tanshuai0219,100,131,7,2018-12-07T14:52:12Z,2026-06-11T00:30:41Z
williamcotton,100,31,133,2008-06-10T02:12:43Z,2026-01-07T01:50:24Z
Dpinkney001,100,171,63,2015-10-02T09:33:56Z,2026-04-17T22:54:03Z
Morty-debug,100,135,25,2021-01-11T10:32:20Z,2023-07-10T15:33:07Z
oscar-g,100,30,19,2013-09-08T23:31:08Z,2026-03-10T23:57:50Z
whn09,100,134,230,2011-08-07T14:05:59Z,2026-05-18T01:41:39Z
akirasosa,100,3,56,2012-03-07T03:21:29Z,2026-05-08T08:33:02Z
dygufa,100,96,26,2011-04-24T02:19:11Z,2026-06-10T22:16:10Z
ImagingDataCommons,100,0,73,2019-04-05T17:46:07Z,2026-05-27T13:07:24Z
bryanbocao,100,372,135,2015-08-28T04:54:01Z,2026-06-09T22:34:05Z
kubegems,100,0,41,2022-01-20T05:39:17Z,2026-06-09T22:33:20Z
8ytest0rm,100,5,0,2013-09-05T07:20:05Z,2026-03-23T02:10:30Z
bupaapac,100,0,0,2021-04-23T01:08:13Z,2025-10-20T16:56:55Z
jhermesn,100,115,55,2021-09-19T15:52:00Z,2026-06-02T22:44:29Z
pokonski,100,4,40,2009-10-05T17:39:59Z,2026-05-09T07:17:44Z
igogo-x86,100,2,5,2016-09-22T18:43:31Z,2026-06-10T11:59:56Z
relh,100,138,95,2013-02-18T19:06:43Z,2026-04-09T03:00:17Z
sameteyisan,100,99,10,2020-07-05T11:56:13Z,2026-06-10T09:36:07Z
sashka,100,247,447,2008-12-16T15:58:36Z,2026-02-26T21:57:45Z
xuhaoyang,100,5,87,2012-07-05T12:08:38Z,2026-06-10T15:27:12Z
gericdong,100,1,11,2022-06-06T17:20:51Z,2026-05-21T12:42:34Z
NicholasTechmoverai,100,127,48,2024-10-08T13:58:01Z,2026-06-03T15:16:27Z
pagseguro-core,100,0,2,2019-12-18T18:48:10Z,2024-08-09T18:54:38Z
DayMarket,100,0,26,2022-04-01T12:56:26Z,2026-06-10T12:21:48Z
avalynndev,100,2,65,2022-03-03T06:07:15Z,2026-06-11T07:03:35Z
Bitcoin-Wildlife-Sanctuary,100,0,34,2024-04-10T19:39:38Z,2024-05-29T13:48:52Z
DhananjayNarayan,100,209,19,2018-03-23T12:27:49Z,2025-08-25T13:04:20Z
bckenstler,100,3,23,2016-06-22T03:46:28Z,2026-01-31T17:09:03Z
0x0d,100,9,26,2013-03-11T10:05:52Z,2023-03-14T07:19:29Z
kris-kaspersky,100,0,16,2013-06-11T15:19:39Z,2017-08-14T19:44:42Z
Yaykut,100,104,94,2022-01-22T11:35:35Z,2025-01-05T20:34:09Z
mostafa4994,100,88,1,2023-04-05T19:30:19Z,2026-02-05T09:31:54Z
acolima,100,95,45,2021-11-03T12:29:32Z,2025-10-01T02:50:49Z
officialheartwell,100,16,13,2022-04-21T02:16:14Z,2025-06-05T13:11:47Z
keefertaylor,100,86,73,2016-04-04T20:40:46Z,2026-05-14T19:18:18Z
kwappa,100,22,86,2009-07-28T04:23:46Z,2026-05-09T06:10:30Z
yunzhiy,100,76,10,2020-06-15T15:13:51Z,2026-05-17T04:14:01Z
educandoweb,100,0,2,2017-02-23T21:39:38Z,2017-02-24T14:10:58Z
Sholanke,100,20,38,2019-02-15T12:10:58Z,2025-11-13T22:15:11Z
udevsharold,100,0,43,2018-11-21T08:09:54Z,2025-04-09T13:07:45Z
maner-niyet,100,47,85,2021-02-16T03:55:54Z,2026-03-24T15:27:21Z
melomanie,100,13,1,2023-12-03T23:25:17Z,2026-04-13T01:18:50Z
nebrassy,100,0,96,2015-10-12T20:45:02Z,2026-04-04T02:19:45Z
jiangzhengnan,100,43,29,2015-09-28T07:23:54Z,2026-03-25T13:15:01Z
sstaub,100,3,37,2014-01-20T12:21:37Z,2025-11-10T17:11:50Z
david4tech,100,3,16,2020-02-21T01:28:24Z,2026-05-08T20:49:15Z
phani-rajbn,100,0,58,2018-01-10T04:21:41Z,2022-02-11T12:00:26Z
olpakmetehan,100,141,57,2022-01-18T18:05:50Z,2026-04-28T14:15:40Z
alexiglesias93,100,10,17,2020-02-14T12:26:13Z,2026-05-20T10:16:33Z
kroger,100,3,8,2010-01-09T05:28:21Z,2026-05-27T03:03:21Z
sadatrafsanjani,100,5,83,2015-02-16T03:51:56Z,2026-02-06T19:09:50Z
ieugen,100,115,142,2011-09-14T17:26:04Z,2026-04-15T11:23:44Z
fjchange,100,86,107,2016-09-25T10:44:48Z,2026-05-31T09:56:15Z
bensternthal,100,4,109,2010-02-06T18:00:50Z,2026-05-20T13:53:06Z
FengZiYjun,100,63,34,2016-10-11T14:30:52Z,2026-05-27T12:10:38Z
Anushka-codergirl,100,31,86,2018-09-11T04:55:15Z,2026-05-28T16:28:31Z
ejunjsh,100,74,82,2016-09-28T08:17:34Z,2026-05-23T08:46:21Z
henningkayser,100,2,44,2013-05-30T17:03:26Z,2026-03-11T15:36:57Z
mtth-bfft,100,10,44,2014-02-15T22:04:07Z,2026-05-30T14:28:34Z
sdsdsd96,100,98,8,2022-09-20T19:48:13Z,2026-01-03T19:34:16Z
juathanduarte,100,95,48,2020-05-18T14:59:45Z,2026-06-08T11:52:11Z
jaszhix,100,15,38,2014-03-05T07:34:55Z,2025-11-19T23:41:09Z
KwesitheDev,100,199,20,2024-07-06T13:10:11Z,2026-05-19T12:39:52Z
ibagsoft,100,1,19,2011-12-11T03:27:33Z,2026-03-25T06:05:50Z
overture8,100,263,87,2009-04-10T12:33:12Z,2026-05-27T09:48:52Z
bplok20010,100,81,169,2013-05-06T06:11:04Z,2026-04-11T01:27:46Z
elijh,100,11,37,2009-07-13T19:40:43Z,2026-06-08T19:34:51Z
mark-bradshaw,100,12,11,2011-09-22T14:21:24Z,2026-06-08T13:30:23Z
ebekker,100,27,125,2013-01-18T18:26:26Z,2026-06-07T11:43:48Z
sorear,100,2,82,2009-06-07T03:06:39Z,2025-10-29T05:53:06Z
CpanelInc,100,0,252,2011-01-05T22:21:56Z,2023-07-31T20:48:51Z
kornilova203,100,13,42,2016-11-14T10:17:59Z,2026-05-22T15:58:18Z
leticiaantunesjpeg,100,95,18,2021-08-23T13:02:21Z,2026-05-24T14:56:32Z
synCodx,100,2,10,2023-06-24T02:01:35Z,2026-06-08T12:53:45Z
nicolasblanco,100,11,110,2008-06-05T09:15:28Z,2026-03-21T18:27:34Z
alanhartless,100,0,37,2009-03-14T05:39:37Z,2026-05-17T10:53:31Z
yuxincs,100,40,20,2014-12-27T14:02:16Z,2026-05-31T14:02:47Z
discoveryinc-cs,100,0,1,2020-03-05T16:52:13Z,2026-01-26T12:14:36Z
daf2a,100,149,35,2022-09-21T22:39:57Z,2026-05-24T16:27:55Z
jonathanccardoso,100,102,72,2015-12-26T14:29:13Z,2026-06-01T13:11:04Z
georgejecook,100,1,93,2011-11-23T02:47:42Z,2026-04-15T18:03:43Z
marcinwyszynski,100,0,66,2011-01-19T01:27:03Z,2026-04-04T21:20:39Z
johlju,100,3,90,2014-04-05T14:52:09Z,2026-06-03T13:44:40Z
keklikhasan,100,28,33,2011-07-19T07:45:44Z,2026-05-20T11:08:45Z
gh123man,100,28,81,2011-08-04T19:32:12Z,2026-03-25T12:20:18Z
kkc,100,147,81,2009-09-21T03:20:33Z,2026-03-20T13:29:30Z
JulliaThainna,100,127,18,2019-07-14T19:00:09Z,2026-01-11T06:05:16Z
gotbahn,100,50,14,2012-10-01T08:30:59Z,2026-06-04T10:13:05Z
LordRegis22,100,51,36,2018-11-27T20:07:31Z,2026-06-04T18:43:46Z
dioneapp,100,0,4,2025-01-02T13:17:33Z,2026-05-12T16:06:56Z
chamatt,100,85,58,2016-07-07T19:12:54Z,2026-06-05T08:39:42Z
prokulski,100,14,49,2016-05-27T11:40:47Z,2026-06-05T12:29:08Z
kommen,100,7,63,2008-02-13T23:06:58Z,2026-05-20T18:39:24Z
TalitaSouza26,100,48,27,2023-06-14T21:35:44Z,2026-06-06T05:16:32Z
wilfredmulenga,100,111,59,2016-01-09T14:33:20Z,2026-06-03T06:54:35Z
movefuns,100,0,37,2022-08-25T09:20:12Z,2023-11-25T14:57:53Z
patel-zeel,100,75,143,2020-01-11T06:32:18Z,2026-05-22T16:27:03Z
2knal,100,100,50,2017-10-13T12:13:15Z,2026-03-21T03:43:10Z
asparagui,100,98,8,2010-12-11T02:26:30Z,2023-11-09T17:49:44Z
eremohn,100,99,38,2015-05-19T14:26:51Z,2026-04-13T14:13:42Z
soarpenguin,100,75,95,2011-03-23T03:25:28Z,2026-05-20T11:34:43Z
dushmanta05,100,186,88,2020-10-22T16:23:58Z,2026-06-10T05:12:20Z
Stand-der-Technik,100,0,0,2025-03-06T06:17:51Z,2025-03-20T07:24:45Z
yehwansong,100,2,115,2019-01-15T14:02:46Z,2026-04-14T01:48:40Z
rampageX,100,43,346,2011-08-21T09:52:04Z,2026-04-10T16:02:07Z
igorgolovanov,100,28,88,2010-08-13T19:59:55Z,2026-05-26T12:35:57Z
k-fire,100,86,27,2018-06-18T09:20:06Z,2026-03-18T19:45:04Z
edgarberlinck,100,39,52,2011-03-11T02:23:26Z,2026-06-01T16:05:36Z
Dovgalyuk,100,10,57,2013-11-26T06:53:46Z,2026-01-12T04:35:03Z
BeckShe,100,585,116,2021-08-09T10:21:57Z,2026-05-16T13:21:25Z
PeteHaitch,100,40,78,2011-09-14T09:13:06Z,2026-05-22T11:41:56Z
shreyas-lyzr,100,0,57,2023-08-02T07:54:40Z,2026-06-10T21:25:47Z
a7medayman6,100,88,104,2019-04-29T18:03:50Z,2026-05-14T23:50:49Z
RobotsAndPencils,100,0,210,2011-12-15T08:00:48Z,2026-05-12T16:59:21Z
mentorblessiano,100,87,5,2021-03-05T07:34:01Z,2026-03-06T07:55:12Z
n1c01a5,100,50,114,2012-05-24T08:58:20Z,2026-06-10T13:29:52Z
gregkorte,100,18,66,2014-10-06T16:51:59Z,2026-02-26T22:50:27Z
bevilacqua1996,100,82,27,2016-03-25T03:41:12Z,2026-06-10T11:06:24Z
Daniel-Vinicius,100,70,82,2020-06-01T21:21:52Z,2026-05-26T17:51:57Z
xuanyu-h,100,118,8,2012-04-25T00:35:22Z,2026-05-05T15:12:55Z
04diiguyi,100,1,17,2016-10-06T02:26:51Z,2025-12-31T01:18:24Z
GoZaddy,100,88,31,2016-12-24T00:04:30Z,2026-06-08T20:35:14Z
PixelPioneer-pro,100,930,11,2024-10-01T17:35:50Z,2026-06-10T20:18:17Z
tasadurian,100,108,45,2015-02-28T21:37:16Z,2026-06-10T19:36:11Z
BrickheadJohnny,100,62,6,2021-10-14T10:23:33Z,2026-06-08T20:00:18Z
samuel-marsh,100,23,24,2018-04-11T11:35:40Z,2026-04-29T12:07:29Z
Justin3go,100,30,47,2020-04-11T14:51:15Z,2026-05-11T05:45:51Z
kamachiii,100,147,113,2022-08-08T04:14:23Z,2026-06-09T09:36:51Z
Akshat111111,100,165,112,2022-08-18T20:19:24Z,2026-06-03T04:41:36Z
ava-orange-education,100,0,236,2023-11-09T07:07:13Z,2025-04-16T10:47:04Z
NimaKhajehpour,100,108,15,2023-01-20T16:45:53Z,2026-01-04T05:59:11Z
georgegognadze,100,85,23,2013-10-10T16:17:53Z,2026-05-22T06:59:45Z
Tereami,100,6,86,2014-10-08T11:06:00Z,2026-06-11T17:28:05Z
sieleemmanuel,100,167,58,2018-08-05T17:20:38Z,2026-06-04T06:05:49Z
isha-mohan,100,15,13,2017-08-14T16:19:06Z,2021-11-03T08:15:29Z
krlawrence,100,7,5,2017-04-22T16:56:53Z,2025-06-16T15:30:44Z
turquetti,100,41,28,2019-10-14T18:08:36Z,2025-10-01T15:00:13Z
mbotos,100,15,12,2011-04-18T15:59:54Z,2018-07-16T20:31:10Z
Tangent-Wei,100,0,4,2015-04-16T11:54:35Z,2026-03-13T02:11:38Z
xjs1919,100,0,37,2015-06-04T04:38:37Z,2026-04-10T06:10:05Z
AhmedRebai,100,2,49,2015-06-22T14:29:52Z,2025-09-05T11:31:32Z
techefx,100,0,10,2020-09-08T07:19:07Z,2023-06-27T05:25:03Z
Parisa-Bagherzadeh,100,36,32,2020-09-25T10:11:50Z,2026-02-27T07:30:19Z
iBaa,100,0,9,2013-04-14T07:51:02Z,2026-03-11T07:58:03Z
zui0711,100,0,20,2015-08-31T01:09:59Z,2026-04-28T12:20:39Z
madd86,100,1,15,2016-10-28T12:05:27Z,2025-03-03T04:03:07Z
splashley,100,70,58,2018-09-13T17:31:40Z,2025-08-08T19:01:22Z
to,100,8,2,2008-05-09T13:48:47Z,2026-04-24T04:48:47Z
furkanbingol,100,103,23,2021-11-17T13:00:16Z,2026-04-12T17:12:07Z
dusnat,100,12,52,2018-11-25T06:30:29Z,2026-04-20T22:23:48Z
talktopri,100,7,39,2016-07-25T20:12:51Z,2026-05-15T11:57:36Z
egeerardyn,100,12,42,2010-01-06T13:24:12Z,2026-05-03T06:51:29Z
Cldfire,100,34,31,2015-08-15T23:04:21Z,2026-06-04T03:34:48Z
NateTheGreatt,100,47,41,2011-02-24T04:59:17Z,2025-08-03T17:59:28Z
liyokuna,100,167,14,2015-02-26T19:51:16Z,2026-05-17T15:39:03Z
hdsuperman,100,19,12,2019-04-28T03:00:14Z,2026-04-27T15:53:01Z
jimenezraul,100,2,108,2018-09-30T01:57:48Z,2026-05-26T22:37:57Z
marlonnardi,100,82,53,2013-09-01T19:33:19Z,2026-04-24T20:00:57Z
Rektoff,100,1,4,2023-09-08T10:19:38Z,2025-08-29T18:46:30Z
zhcosin,100,21,26,2014-03-06T02:29:28Z,2026-05-15T01:57:10Z
Mariam-Amin12,100,71,34,2023-03-24T17:22:15Z,2026-06-06T16:08:22Z
0xNuru,100,62,50,2020-04-25T14:37:27Z,2026-04-26T21:27:11Z
syoung125,100,134,30,2018-05-30T10:21:20Z,2025-12-16T23:46:29Z
anilbey,100,227,80,2014-03-21T20:07:48Z,2026-05-09T16:55:22Z
rplevy,100,122,57,2010-08-09T00:01:47Z,2025-07-30T06:16:56Z
Cydiar,100,276,5,2015-12-11T06:53:48Z,2026-05-20T08:15:25Z
tomiiide,100,69,48,2015-11-14T19:28:54Z,2026-05-21T11:06:59Z
davidcornu,100,13,81,2010-07-07T22:16:00Z,2026-04-10T00:08:14Z
hwangstar156,100,62,69,2021-06-14T15:33:11Z,2026-03-27T09:39:20Z
hexeguitar,100,3,52,2014-05-09T20:20:30Z,2026-05-18T08:35:55Z
libevent,100,0,7,2011-06-06T21:41:51Z,2019-09-10T20:21:48Z
sh8,100,38,65,2014-04-28T15:33:52Z,2026-05-18T17:55:06Z
paweljw,100,36,13,2011-05-05T19:17:09Z,2026-05-17T13:36:23Z
zhuo1angT,100,93,25,2017-01-05T14:19:30Z,2026-05-31T16:02:11Z
justafish,100,7,62,2010-07-27T10:58:25Z,2026-06-05T13:24:51Z
johnpaparrizos,100,1,6,2013-02-17T03:44:16Z,2026-05-12T11:35:51Z
charleskorn,100,3,107,2013-03-31T06:16:25Z,2026-05-20T11:44:02Z
celikkoseoglu,100,32,20,2013-08-07T23:01:30Z,2026-04-03T21:42:08Z
Vbanety,100,183,33,2019-11-16T00:26:12Z,2026-05-09T19:20:41Z
Artexxx,100,22,18,2019-08-29T12:53:36Z,2026-06-08T08:42:00Z
cenwenchu,100,1,11,2009-05-04T15:11:18Z,2026-03-13T08:10:11Z
detekt,100,0,11,2019-11-19T18:03:36Z,2023-04-01T17:27:50Z
WouterVanNifterick,100,6,89,2013-10-25T19:58:30Z,2026-04-02T07:58:36Z
GabiGrin,100,133,70,2013-02-28T12:06:32Z,2026-05-24T11:30:35Z
FlorentBelotti,100,162,26,2023-08-16T12:52:00Z,2026-05-26T08:45:56Z
nay,100,14,23,2008-06-04T01:25:55Z,2026-05-21T11:16:15Z
ALIREZA0J,100,104,4,2023-10-20T17:40:05Z,2026-05-20T09:03:55Z
greenlion,100,13,31,2010-11-03T05:42:48Z,2026-05-28T03:03:41Z
fhlemes,100,54,29,2016-07-08T15:05:36Z,2026-05-26T16:11:11Z
yasinbakkal,100,50,13,2020-07-20T09:18:47Z,2025-08-09T12:37:08Z
ka9q,100,33,19,2015-08-13T04:28:10Z,2026-06-07T22:35:07Z
muminoff,100,0,243,2011-12-02T07:11:02Z,2026-04-30T17:04:16Z
kei95,100,49,119,2018-11-01T23:30:04Z,2025-12-17T02:05:14Z
fsquillace,100,286,66,2011-11-26T12:35:35Z,2026-02-23T09:16:15Z
awesomepeng,100,1347,67,2016-07-13T22:52:15Z,2025-04-14T01:11:55Z
Teddy-van-Jerry,100,18,82,2020-09-06T02:28:11Z,2026-05-09T05:30:56Z
slon,100,56,34,2009-08-27T10:23:14Z,2025-08-11T10:56:56Z
gcsrilanka,100,0,29,2018-10-05T08:23:13Z,2023-10-04T13:54:51Z
javamonn,100,162,77,2013-08-12T21:02:05Z,2025-11-26T18:34:37Z
lingxitong,100,92,78,2020-10-15T15:14:00Z,2026-05-09T00:35:45Z
oumatoulacen,100,148,81,2022-06-06T22:42:00Z,2026-03-17T10:45:38Z
pzduniak,100,0,43,2011-07-15T09:06:39Z,2026-04-30T19:09:22Z
Mhmdmnsouri,100,89,42,2022-01-17T01:58:16Z,2026-05-19T23:21:05Z
topopt,100,0,7,2014-08-14T14:21:41Z,2026-06-01T09:55:09Z
Niaz-estefaie,100,83,21,2019-04-16T04:50:02Z,2026-05-23T04:55:35Z
ips610,100,99,35,2022-10-28T17:15:47Z,2026-05-24T16:36:06Z
Jinsoo1004,100,84,8,2021-08-18T15:19:57Z,2026-05-30T19:03:47Z
jasmainak,100,10,81,2015-11-15T00:53:47Z,2026-06-09T15:32:55Z
mracipayam,100,213,589,2015-09-01T23:29:58Z,2026-05-31T20:11:38Z
thiagolvlsantos,100,0,19,2012-02-19T21:47:20Z,2026-05-24T13:07:35Z
Ashukla011,100,50,61,2022-03-14T12:07:53Z,2026-06-09T22:43:32Z
IntelligentRoboticsLabs,100,0,81,2018-12-17T12:46:23Z,2026-05-22T15:10:13Z
mikhael28,100,215,27,2015-10-20T01:02:47Z,2026-03-30T18:58:22Z
nihat417,100,14,105,2022-05-23T13:02:10Z,2026-06-05T17:48:13Z
cathywife,100,1578,586,2015-05-29T02:46:54Z,2026-02-24T06:24:54Z
sounny,100,50,343,2016-04-08T19:33:57Z,2026-06-02T12:42:09Z
GhazaleZe,100,81,27,2018-07-22T15:50:07Z,2026-05-04T17:49:34Z
imclint21,100,380,96,2013-08-13T11:52:29Z,2026-05-24T15:59:14Z
Neo-Hao,100,11,47,2014-09-30T15:01:31Z,2026-04-10T23:14:59Z
fadeevab,100,1,15,2013-11-18T09:42:11Z,2026-05-08T14:02:23Z
rozgo,100,155,418,2009-06-05T08:12:27Z,2026-06-10T19:49:18Z
GeekZooStudio,1000,0,9,2013-11-08T08:36:16Z,2017-08-17T00:52:29Z
khloudcode,1000,1416,40,2024-11-24T23:01:22Z,2026-02-01T01:02:25Z
microprediction,1000,60,224,2019-11-06T17:37:57Z,2026-06-04T00:32:59Z
qarmin,1000,0,90,2018-07-31T08:14:34Z,2026-06-03T18:38:48Z
videlalvaro,1000,60,131,2008-10-24T13:18:54Z,2026-06-04T13:04:38Z
IAmRyota,1000,0,0,2022-08-26T09:46:47Z,2022-11-23T12:28:26Z
defcc,1000,40,18,2012-10-20T02:38:54Z,2026-05-07T05:31:59Z
blasten,1000,42,60,2012-02-05T19:48:13Z,2026-06-11T06:04:57Z
zhouguangming,1000,441,3,2011-11-17T03:11:47Z,2026-06-03T11:38:42Z
piacoin,1000,0,8,2024-03-26T18:28:35Z,2024-05-25T21:59:07Z
syoyo,1000,2,290,2008-07-28T13:57:30Z,2026-06-09T22:30:27Z
NyaMisty,1000,128,325,2013-08-30T05:33:19Z,2026-05-05T10:47:44Z
Notsfsssf,1000,11,53,2016-01-28T09:05:07Z,2026-05-22T03:19:16Z
Siris4,1000,1676,763,2022-01-15T07:29:20Z,2026-06-06T03:04:09Z
University-of-South-Florida,1000,0,0,2020-10-23T14:14:07Z,2025-01-08T14:27:26Z
mozilla-firefox,999,0,10,2023-10-19T16:53:26Z,2026-04-06T02:38:52Z
IT-varsity-Materials,999,0,4,2025-05-06T11:12:35Z,2025-06-11T08:28:02Z
waditu,999,0,10,2015-01-05T03:32:57Z,2026-02-26T06:23:37Z
nathadriele,999,122,52,2017-02-23T13:14:34Z,2026-05-29T12:57:39Z
Gurupreet,999,37,24,2013-07-01T10:01:07Z,2026-06-10T14:47:57Z
tpruvot,999,36,158,2009-10-27T05:39:39Z,2026-05-27T11:33:54Z
eviltester,999,56,107,2012-10-22T11:47:55Z,2026-06-07T21:14:26Z
essentialdevelopercom,999,0,6,2017-01-19T12:52:26Z,2022-05-07T10:37:46Z
ninghao,999,21,172,2012-12-01T00:21:21Z,2025-11-30T13:18:25Z
bxcodec,999,64,41,2015-02-14T05:04:44Z,2026-05-26T17:37:50Z
Friedrich482,999,908,24,2023-06-09T19:03:20Z,2026-06-07T16:40:10Z
Ralim,998,39,86,2013-09-10T08:15:56Z,2026-06-03T09:33:18Z
davidmarkclements,998,4,293,2011-11-12T18:31:51Z,2026-02-08T12:14:26Z
slowy07,998,30,279,2018-06-24T12:44:10Z,2026-06-08T15:04:32Z
bobangajicsm,998,0,29,2015-05-22T20:20:46Z,2026-06-09T17:16:01Z
jamonholmgren,998,474,264,2012-02-27T18:04:31Z,2026-06-10T23:15:42Z
ACyphus,998,18,47,2011-08-16T15:34:07Z,2026-05-20T11:36:01Z
madhums,998,43,94,2009-09-06T14:09:36Z,2026-06-08T19:12:06Z
nrennie,998,164,119,2018-08-13T08:29:25Z,2026-05-23T17:17:20Z
sony,998,0,142,2014-08-13T06:12:42Z,2024-07-28T07:12:52Z
misterblack1,998,0,37,2016-01-19T17:40:02Z,2026-06-08T00:57:37Z
jmechner,998,0,1,2012-04-16T23:34:16Z,2024-09-27T09:01:30Z
Dornamohtaram,998,2049,6,2024-02-21T15:24:34Z,2024-12-02T00:17:53Z
xyflow,998,0,25,2014-03-30T12:14:11Z,2026-01-06T10:57:33Z
marcotcr,998,0,33,2011-03-29T19:58:23Z,2026-02-26T17:48:16Z
Zproger,998,0,9,2021-04-01T11:23:37Z,2026-06-08T23:32:56Z
wgh136,998,0,29,2020-07-01T02:30:00Z,2026-05-24T14:39:06Z
tavisrudd,998,574,36,2010-04-04T22:16:08Z,2026-04-13T20:05:17Z
qntm,998,0,32,2012-05-13T19:57:36Z,2025-09-25T16:07:07Z
knowbody,997,91,137,2013-03-07T20:06:14Z,2026-05-26T17:45:13Z
keyu-tian,997,4,84,2018-05-28T07:59:57Z,2026-06-11T16:07:40Z
ledell,997,31,57,2013-04-05T23:44:12Z,2026-05-27T21:49:45Z
softchris,997,5,273,2013-06-03T06:58:02Z,2026-06-09T19:45:35Z
JamesHenry,997,2,61,2011-07-07T12:59:29Z,2026-05-21T13:02:38Z
Jezzamonn,997,0,127,2014-12-27T00:34:34Z,2026-05-05T16:00:21Z
PatrykIA,997,186,20,2024-06-18T16:39:19Z,2025-06-29T07:38:18Z
yifengyou,997,51,526,2016-06-12T01:37:56Z,2026-06-10T02:13:40Z
johnsonjh,996,5543,155,2020-02-29T16:26:59Z,2026-05-17T12:58:20Z
sam-astro,996,6,32,2021-01-06T22:06:13Z,2026-05-22T00:25:17Z
rebeloper,996,4,254,2012-10-04T17:05:34Z,2026-06-08T12:11:29Z
skiff-org,996,0,17,2021-03-15T22:08:52Z,2026-04-09T18:48:08Z
stulzq,996,91,132,2015-07-06T12:29:22Z,2026-05-29T11:36:43Z
andresriancho,996,13,108,2011-06-21T19:58:29Z,2026-05-17T18:42:17Z
liancheng,996,14,90,2010-03-26T02:12:19Z,2026-06-09T08:17:53Z
abrehan2,996,1902,73,2022-03-03T19:07:57Z,2026-06-11T11:06:57Z
jwage,996,49,17,2009-06-21T00:37:00Z,2026-04-12T14:08:40Z
tomocchino,996,3,9,2008-06-16T19:55:41Z,2026-06-09T13:21:53Z
andreasjansson,995,81,226,2011-04-06T21:17:35Z,2026-06-09T14:14:20Z
edent,995,33,73,2011-06-08T09:41:33Z,2026-06-09T14:28:08Z
Khan,995,0,472,2008-06-29T13:50:51Z,2026-06-02T21:27:14Z
meganz,995,0,94,2013-07-02T11:49:16Z,2025-09-25T02:04:19Z
hzy46,995,8,44,2014-05-06T10:19:48Z,2026-05-28T07:37:30Z
agntcy,995,0,48,2025-01-30T21:42:20Z,2025-03-05T21:11:07Z
ddollar,995,8,274,2008-03-17T20:57:12Z,2026-01-29T14:03:46Z
itheima1,995,1,27,2015-11-02T16:51:24Z,2026-03-12T07:00:06Z
milaan9,995,3,46,2019-03-04T02:43:57Z,2026-05-22T15:26:47Z
PapaReact,995,0,7,2021-01-04T21:00:24Z,2026-06-05T10:09:48Z
surunzi,995,94,33,2013-02-06T02:04:47Z,2026-06-08T02:41:36Z
Galaxies-dev,994,0,45,2022-11-17T08:17:48Z,2023-10-27T11:24:20Z
zusmani,994,5,20,2014-04-08T01:57:18Z,2024-01-16T20:17:49Z
mtianyan,994,157,129,2015-10-15T16:32:46Z,2026-03-31T12:18:06Z
eisneim,994,74,43,2013-08-09T08:19:48Z,2026-05-25T03:25:12Z
developersdigest,994,7,81,2023-02-08T14:09:13Z,2026-05-19T12:05:08Z
sequencer,994,226,99,2013-10-28T04:57:56Z,2026-06-03T15:42:18Z
a2,994,131,224,2010-04-10T18:41:29Z,2026-06-04T01:10:00Z
cfregly,994,242,187,2012-02-14T21:49:34Z,2026-06-10T15:28:18Z
julianstorer,993,10,4,2010-04-22T15:01:07Z,2026-06-03T06:24:34Z
jakeajames,993,7,77,2016-07-26T16:05:27Z,2026-06-04T07:49:00Z
toddwschneider,993,2,23,2009-04-03T21:12:30Z,2026-05-13T00:08:17Z
pittcsc,993,0,45,2014-04-12T22:12:43Z,2026-06-03T12:08:18Z
dievus,993,0,78,2017-02-17T21:02:48Z,2026-03-29T21:44:55Z
Ak74-577,993,232,2,2016-05-27T10:39:02Z,2025-02-26T04:22:41Z
hadikachmar3,993,2,107,2018-04-14T16:33:35Z,2026-06-04T12:04:46Z
StudioCherno,993,0,10,2022-03-24T12:03:34Z,2026-02-03T07:43:42Z
z-song,993,1,28,2012-02-27T17:17:12Z,2026-05-22T11:44:59Z
visenger,993,4,79,2012-07-20T22:37:19Z,2026-05-12T12:24:07Z
prideout,993,4,84,2011-12-27T19:28:15Z,2026-06-01T22:07:04Z
Expensify,993,0,65,2010-11-11T03:59:16Z,2025-12-23T19:39:30Z
mohamadSaleh82,993,6,13,2023-09-24T10:44:20Z,2026-06-10T21:26:12Z
0xRick,992,5,6,2017-04-06T09:51:16Z,2026-05-22T19:49:17Z
Link-,992,87,59,2011-01-17T12:40:52Z,2026-04-22T16:40:22Z
hiroppy,992,2,270,2013-01-24T10:00:09Z,2026-03-29T11:11:30Z
larshp,992,71,267,2013-11-08T13:03:32Z,2026-05-30T11:34:15Z
TommyLemon,992,9,132,2013-10-21T14:21:03Z,2026-06-11T06:32:45Z
lens-protocol,992,0,33,2022-06-30T08:56:04Z,2026-04-09T00:53:50Z
bokuweb,992,111,294,2014-12-17T11:59:03Z,2026-06-06T01:40:01Z
burrsutter,992,0,326,2010-08-27T17:47:39Z,2026-06-09T14:10:27Z
simonpj,992,0,12,2011-01-26T15:49:41Z,2026-06-02T22:45:51Z
bespoyasov,992,25,37,2014-10-09T05:09:29Z,2026-06-10T15:56:50Z
angelicaweiler,992,6,35,2021-10-17T14:43:12Z,2026-05-30T17:14:26Z
MrToph,992,64,128,2013-01-03T11:29:59Z,2026-05-22T18:49:40Z
chentao0707,992,346,38,2014-01-08T02:33:04Z,2026-04-25T08:37:38Z
zoom,992,0,155,2017-06-01T06:12:42Z,2022-11-01T19:59:30Z
jantic,992,15,27,2010-01-11T01:44:54Z,2026-03-11T13:47:22Z
caiogondim,992,397,171,2008-11-06T20:10:19Z,2026-03-15T00:42:58Z
Mach-Levi,992,965,51,2021-01-18T07:12:08Z,2026-02-10T00:16:42Z
ndmitchell,991,0,150,2012-04-17T09:19:50Z,2026-05-17T18:37:34Z
isyuricunha-zz,991,22,21,2019-08-29T06:38:49Z,2024-05-03T17:09:02Z
maxrave-dev,991,3,42,2022-09-17T03:38:35Z,2026-06-07T07:41:32Z
MattNami,991,15,23,2024-09-28T03:36:48Z,2026-05-12T11:14:13Z
moorocco,991,2948,1,2025-07-08T23:23:45Z,2026-05-06T00:18:05Z
s-r-e-e-r-a-j,991,483,45,2023-12-19T10:37:48Z,2026-06-11T16:21:16Z
aprildunnam,991,11,40,2016-07-31T23:04:55Z,2026-06-09T16:07:13Z
reactos,991,0,38,2011-09-16T14:13:39Z,2026-06-03T11:37:37Z
ShawhinT,991,11,35,2018-12-05T16:57:12Z,2026-05-18T22:50:59Z
terjanq,991,10,40,2015-03-04T20:54:28Z,2026-03-08T17:02:46Z
mosra,991,135,40,2010-07-26T18:25:29Z,2025-11-05T13:50:35Z
rabernat,991,5,256,2011-11-15T18:01:21Z,2026-05-13T02:33:36Z
technexxa,991,978,80,2022-07-26T10:49:37Z,2026-02-12T02:59:45Z
scotthmurray,990,19,13,2011-09-07T20:48:10Z,2026-05-19T00:40:19Z
ghqc,990,24770,1,2017-07-22T22:04:42Z,2020-07-25T22:09:56Z
altercation,990,16,16,2009-08-09T20:09:07Z,2026-04-23T05:39:49Z
cznic,990,38,58,2011-04-14T15:23:40Z,2023-01-30T16:32:58Z
hiddify-com,990,3,30,2022-09-23T10:18:31Z,2026-05-30T11:34:02Z
Wh04m1001,990,55,58,2018-10-19T10:55:49Z,2026-05-19T16:19:27Z
seancorfield,990,4,121,2009-01-03T02:18:29Z,2026-06-10T14:11:21Z
gabrieldim,990,3,67,2020-03-27T18:33:41Z,2026-04-09T11:25:14Z
falkTX,990,3,131,2012-01-16T20:28:18Z,2026-06-04T12:50:12Z
EdisonTalk,990,30,39,2015-05-29T09:50:44Z,2026-06-11T12:35:28Z
MaxXSoft,990,81,48,2013-07-31T13:47:26Z,2026-06-06T08:00:36Z
7oSkaaa,990,401,48,2020-04-02T11:29:49Z,2026-05-26T13:01:18Z
alan-turing-institute,990,0,649,2016-04-06T09:38:19Z,2023-04-18T17:23:20Z
rudrankriyam,989,0,156,2017-07-29T14:20:38Z,2026-06-10T16:10:10Z
alganet,989,4,113,2010-02-12T18:48:51Z,2026-06-09T19:51:47Z
marmelroy,989,13,27,2011-07-02T04:42:46Z,2026-03-14T14:34:55Z
SeuTao,989,27,55,2016-11-01T15:38:28Z,2026-05-29T03:51:45Z
betanalpha,989,1,13,2012-03-12T01:50:47Z,2026-05-14T11:35:19Z
flibitijibibo,989,14,41,2012-02-01T05:45:31Z,2026-04-23T01:57:24Z
inkandswitch,989,0,55,2015-08-19T14:30:28Z,2025-07-10T15:22:52Z
njsmith,989,0,139,2011-02-10T00:04:33Z,2025-05-14T15:57:04Z
moy-boy,989,550,9,2024-06-19T10:04:29Z,2026-04-29T14:12:34Z
whxaxes,989,250,56,2013-11-05T02:30:55Z,2026-06-03T06:43:14Z
piskvorky,989,8,59,2011-02-10T07:41:27Z,2025-12-17T16:38:51Z
grant,989,119,306,2011-04-22T00:58:10Z,2026-06-10T15:50:51Z
curiouskiwi,989,3,12,2014-01-07T22:48:55Z,2026-06-08T01:07:53Z
nimaltd,989,84,45,2013-04-10T06:47:51Z,2026-06-09T16:42:03Z
fkling,988,15,52,2010-01-09T12:22:10Z,2026-06-09T14:51:14Z
nyenza,988,1339,8,2023-05-02T10:14:30Z,2026-02-21T14:30:23Z
tdlib,988,0,2,2017-12-13T14:03:16Z,2017-12-31T22:57:30Z
cedev935,988,2003,124,2023-07-26T13:28:44Z,2026-05-01T02:50:38Z
Wadoozie,988,0,3,2026-04-02T16:37:17Z,2026-05-21T08:22:56Z
halzhang,988,35,94,2010-12-31T03:08:35Z,2026-06-10T14:06:13Z
mar-v-in,988,4,45,2011-08-21T08:52:31Z,2026-06-11T15:17:28Z
overextended,988,0,36,2021-07-29T04:36:45Z,2026-04-22T14:29:47Z
gafferongames,988,27,4,2011-03-29T06:43:28Z,2026-06-10T13:13:48Z
medicinepckt,988,3778,0,2025-09-06T15:35:26Z,2026-03-08T01:28:28Z
GunterMueller,988,0,671,2016-09-11T21:02:37Z,2026-06-10T22:11:28Z
hundredrabbits,988,0,32,2015-11-11T16:33:40Z,2025-08-30T16:31:47Z
alaingalvan,988,636,32,2012-08-30T21:05:56Z,2026-03-15T19:21:48Z
islamic-network,987,0,1,2017-07-11T11:37:37Z,2024-06-14T07:12:00Z
LearningJournal,987,0,29,2016-11-05T13:40:06Z,2026-05-25T05:17:08Z
pik1989,987,1,135,2017-12-19T07:09:41Z,2026-04-02T14:37:52Z
baskerville,987,3,70,2009-11-29T10:17:24Z,2026-01-13T12:39:46Z
barry-far,987,12,7,2023-09-04T06:25:14Z,2026-03-18T02:34:33Z
mavi888,987,6,188,2014-06-26T06:55:26Z,2026-02-22T19:03:12Z
nomadcoders,987,0,114,2017-06-07T05:08:14Z,2019-01-15T00:36:39Z
Mahmoudz,987,195,33,2012-07-16T12:08:18Z,2026-06-04T10:43:29Z
sunshine940326,987,40,33,2016-07-09T09:22:26Z,2025-08-06T16:25:49Z
travisbrown,987,36,331,2010-06-28T02:09:48Z,2026-06-05T11:00:47Z
TradeSEB,987,1610,37,2017-01-03T09:12:33Z,2026-04-21T14:03:07Z
ezshine,987,9,145,2011-06-22T17:37:27Z,2026-06-08T23:53:21Z
thecompez,987,136,80,2013-04-05T07:00:18Z,2026-06-11T14:04:32Z
mmazzarolo,987,5,85,2014-11-03T18:22:11Z,2025-08-23T08:50:01Z
ParkYoungWoong,987,10,196,2016-01-13T05:10:20Z,2026-05-19T16:36:09Z
pudo,987,219,49,2008-12-19T17:04:00Z,2026-06-04T11:52:26Z
MatheuZSecurity,986,34,25,2021-07-28T01:39:29Z,2025-12-20T13:30:19Z
PuruVJ,986,67,105,2019-02-18T11:06:09Z,2026-06-04T09:32:28Z
session-foundation,986,0,55,2024-09-06T03:54:51Z,2026-04-28T07:16:49Z
LouisCAD,986,87,151,2014-03-17T13:17:14Z,2026-06-10T23:38:26Z
EhViewer-NekoInverter,986,0,13,2022-11-14T01:57:47Z,2023-11-07T03:17:58Z
catnose99,986,10,34,2017-12-16T03:13:47Z,2026-05-25T02:50:27Z
F3lip32010,986,2727,66,2021-01-29T22:01:14Z,2026-05-26T18:37:43Z
carla-simulator,986,0,36,2017-10-23T13:27:09Z,2021-03-16T17:23:29Z
volodymyrfedorenko444,986,2670,1,2025-03-19T17:35:45Z,2025-08-25T07:46:00Z
anthraxx,986,14,92,2010-02-13T12:54:00Z,2026-04-06T18:13:44Z
cloudsec,986,0,15,2012-12-14T07:22:08Z,2026-03-03T07:27:36Z
tomwhite,986,2,236,2009-05-15T20:30:34Z,2025-10-24T13:20:01Z
ahmadalfy,986,119,58,2009-05-22T16:07:43Z,2026-06-11T10:23:48Z
paaak,986,779,44,2015-11-16T22:15:33Z,2025-10-26T17:15:32Z
FoundationAgents,986,0,22,2025-02-06T09:43:08Z,2025-12-18T07:07:49Z
mazen160,986,0,42,2014-10-02T12:04:09Z,2026-05-15T11:43:45Z
leap71,986,0,13,2023-10-09T07:41:00Z,2026-05-25T08:23:07Z
JavierCane,985,97,30,2011-08-17T14:04:25Z,2026-06-01T05:56:56Z
martincrb,985,27,55,2014-09-30T18:21:27Z,2026-06-07T11:59:17Z
Instagram,985,0,27,2011-01-05T18:51:17Z,2026-05-07T21:24:44Z
oracle-samples,985,0,140,2021-11-17T16:41:25Z,2025-12-25T15:42:32Z
cezaraugusto,985,19,47,2013-06-11T16:39:03Z,2026-04-22T13:54:39Z
daytonaio,985,0,43,2023-04-11T22:27:20Z,2026-06-06T19:39:57Z
unix,985,24,204,2015-03-04T01:15:08Z,2026-06-04T16:41:27Z
eslint,985,0,34,2013-11-23T19:50:40Z,2026-05-12T11:39:56Z
SteamDeckHomebrew,985,0,21,2022-04-02T13:10:47Z,2023-08-10T12:02:20Z
valentinawerle,985,33,7,2023-10-15T05:21:47Z,2026-05-14T02:10:46Z
atc1441,985,11,69,2011-10-04T18:47:25Z,2026-06-11T10:38:40Z
abhi-patil20,985,98,24,2024-01-22T12:11:25Z,2026-04-29T16:02:57Z
jthomasmock,985,55,127,2017-06-05T00:32:30Z,2026-05-19T15:07:02Z
liuliu,985,4,90,2009-09-17T05:24:18Z,2026-04-01T05:02:48Z
geeksourcecodes,985,5225,100,2019-11-18T10:59:15Z,2023-08-11T13:09:20Z
Najiib008,985,1,55,2023-01-23T14:05:34Z,2025-07-05T12:13:22Z
Nsoro-Allan,984,199,391,2023-06-05T15:51:44Z,2026-01-02T09:12:43Z
defunctzombie,984,42,308,2009-05-15T04:24:26Z,2026-05-27T03:43:42Z
stm32duino,984,0,141,2015-04-30T03:52:53Z,2024-11-06T14:16:10Z
hmkcode,984,0,17,2013-03-06T19:16:18Z,2026-06-08T16:56:23Z
zziz,984,203,12,2012-08-14T00:34:42Z,2025-08-17T03:53:33Z
aalmiray,984,65,268,2008-06-17T00:30:56Z,2026-05-27T21:44:53Z
imakewebthings,984,47,70,2010-09-19T03:57:40Z,2025-03-13T23:24:09Z
wpeebles,984,6,5,2018-01-28T06:12:58Z,2026-04-18T22:33:05Z
danfinlay,984,51,419,2010-12-31T19:13:54Z,2026-04-16T16:02:09Z
t-b-kunkel,984,96,20,2023-02-21T15:43:46Z,2026-05-11T07:37:39Z
ihebski,984,992,21,2015-07-04T14:21:26Z,2026-05-13T23:34:19Z
exitdump,984,512,28,2021-01-10T09:57:32Z,2026-06-08T13:38:34Z
status-im,984,0,736,2015-04-02T08:01:48Z,2025-06-17T23:22:15Z
webprodigies,984,0,6,2023-09-19T22:45:52Z,2026-05-01T07:06:56Z
chrmarti,984,1,95,2014-10-14T00:17:08Z,2026-06-01T13:31:52Z
MariaDB,984,0,34,2013-06-19T14:34:38Z,2026-06-05T11:47:53Z
zaydodonovan,984,2431,4,2022-11-28T09:05:38Z,2026-05-26T22:20:27Z
meemknight,983,29,108,2018-02-13T13:20:18Z,2026-02-18T18:09:11Z
yujqiao,983,261,52,2016-06-23T07:15:20Z,2026-05-23T05:41:46Z
Apleon,983,2835,9,2020-12-04T13:26:52Z,2026-05-23T15:31:13Z
CodeTraversal,983,0,3,2023-01-14T12:25:09Z,2023-04-24T11:47:47Z
glyph,983,19,162,2011-04-08T01:32:24Z,2026-06-10T02:47:47Z
whitead,983,69,76,2011-07-11T18:01:41Z,2026-06-04T22:49:40Z
fish2018,983,2,21,2017-12-24T14:59:34Z,2026-05-31T06:23:32Z
alvin-the-programmer,983,1,31,2015-09-01T02:38:08Z,2026-01-26T17:20:51Z
lightclient,983,142,157,2015-08-27T18:38:38Z,2026-06-10T15:57:21Z
needim,982,438,29,2010-05-09T22:20:13Z,2026-05-17T18:00:53Z
anajuliabit,982,90,50,2019-05-06T17:05:38Z,2026-06-10T15:12:22Z
eric-haibin-lin,982,182,130,2013-09-26T00:32:11Z,2026-05-22T01:54:54Z
gregturn,982,3,219,2010-06-21T19:34:09Z,2026-05-14T22:27:27Z
DrJimFan,982,44,7,2012-12-11T16:43:08Z,2026-05-24T00:08:47Z
MaximeHeckel,982,46,105,2012-12-05T20:27:38Z,2026-06-03T20:18:39Z
honcheng,982,52,70,2010-02-23T01:18:23Z,2026-04-13T00:48:57Z
multikitty,982,29,69,2023-02-08T05:17:27Z,2026-04-02T00:34:22Z
wwwtyro,982,61,89,2011-07-21T05:25:33Z,2026-04-03T21:24:38Z
kaycebasques,982,1,31,2013-06-16T23:12:41Z,2026-04-08T22:30:57Z
taiki-e,981,0,268,2018-09-30T14:12:50Z,2026-06-11T03:53:25Z
LinuxSuRen,981,5,1900,2012-02-19T06:28:06Z,2026-06-08T16:01:38Z
mzlogin,981,86,80,2012-04-16T01:34:26Z,2026-01-25T07:45:43Z
syssi,981,21,115,2012-11-06T15:08:42Z,2026-06-02T09:37:31Z
stephenplusplus,981,198,248,2011-04-11T17:50:21Z,2026-05-28T04:20:41Z
ingydotnet,981,92,781,2008-08-25T07:13:26Z,2026-05-12T01:51:41Z
tumobi,981,92,33,2017-05-25T05:53:19Z,2026-05-21T18:46:39Z
delta-io,981,0,9,2019-04-18T21:20:09Z,2026-06-01T23:58:29Z
arp242,981,5,138,2011-09-07T11:22:14Z,2026-05-17T11:31:17Z
kiral,981,12,7,2013-03-10T14:18:27Z,2026-06-03T09:03:21Z
dthree,981,43,8,2014-12-27T01:40:22Z,2026-05-25T14:40:36Z
LittleSound,981,299,82,2016-05-05T10:28:45Z,2026-06-06T23:39:10Z
milessabin,981,32,89,2009-09-25T11:09:15Z,2026-05-10T23:02:18Z
iarna,981,18,227,2011-08-16T14:58:15Z,2026-05-02T19:30:46Z
SnaKKo,981,3,2,2013-04-02T19:41:38Z,2025-05-21T20:46:13Z
endeavouros-team,980,0,40,2019-06-29T16:12:38Z,2026-01-19T01:51:35Z
sorah,980,344,369,2008-10-17T07:35:25Z,2026-04-06T19:16:44Z
dennisreimann,980,250,46,2008-02-25T20:15:49Z,2026-03-23T20:36:44Z
mmahalwy,980,106,72,2013-03-02T15:17:29Z,2026-05-05T22:02:25Z
javierbyte,980,269,57,2012-07-20T04:51:56Z,2026-05-11T11:50:05Z
liupan1890,980,0,11,2020-07-04T05:53:08Z,2023-06-24T13:22:06Z
knqyf263,980,0,224,2012-08-31T07:56:45Z,2026-04-20T10:51:58Z
IMPHNEN,980,0,38,2024-03-08T12:49:56Z,2024-03-08T13:16:09Z
rosinality,980,2,88,2013-05-05T03:35:41Z,2026-06-07T20:05:08Z
isaac545454,980,283,113,2021-11-02T15:17:11Z,2026-06-05T22:08:40Z
nuuxcode,979,567,56,2016-12-14T11:16:15Z,2026-04-22T21:40:33Z
binghe001,979,0,135,2015-12-02T10:16:11Z,2026-03-15T04:34:34Z
lucasb-eyer,979,18,106,2012-02-26T15:27:23Z,2026-05-27T12:21:27Z
gabevaz,979,6,51,2018-02-06T10:20:28Z,2026-01-20T02:35:20Z
ByteGrad,979,1,37,2021-04-06T19:22:05Z,2026-05-15T14:58:08Z
odoomates,979,1,9,2018-07-09T11:25:21Z,2026-06-01T11:28:17Z
bucanero,979,11,149,2011-10-26T12:13:01Z,2026-06-10T16:15:16Z
chad,979,91,113,2008-02-13T18:08:31Z,2026-06-04T21:08:42Z
Sanjeev-Thiyagarajan,979,0,52,2016-02-27T22:32:37Z,2026-05-06T20:56:35Z
Jsnzkpg,979,2,9,2021-06-20T06:50:09Z,2026-06-11T16:16:49Z
hramos,979,223,70,2009-12-11T00:12:20Z,2026-06-02T19:33:11Z
kaleai,979,0,21,2014-11-04T12:42:45Z,2025-11-27T08:57:20Z
netojoaobatista,978,19,69,2010-05-11T17:25:38Z,2026-04-14T17:23:04Z
wangjiegulu,978,4,62,2013-09-10T01:40:38Z,2026-06-03T13:01:02Z
dsrscientist,978,2,38,2019-03-18T05:13:42Z,2026-05-21T11:17:26Z
hoppscotch,978,0,17,2019-10-18T01:07:54Z,2026-02-17T23:00:13Z
trevnorris,978,17,42,2010-05-27T23:50:38Z,2026-05-24T13:46:18Z
Jermolene,978,7,31,2009-12-31T17:55:23Z,2026-01-03T16:42:39Z
alyssais,978,42,317,2012-11-11T00:30:25Z,2026-06-01T11:43:54Z
VAST-AI-Research,978,0,21,2023-10-26T08:12:24Z,2025-12-04T13:25:58Z
Ascotbe,978,32,26,2017-11-16T12:37:40Z,2026-06-03T06:12:40Z
ccgus,978,0,27,2009-03-04T19:08:55Z,2026-04-20T03:53:26Z
rust-vmm,978,0,34,2018-12-20T15:35:26Z,2021-06-28T12:51:02Z
stemkoski,978,12,46,2011-12-17T20:28:39Z,2026-04-21T12:38:20Z
jtpio,978,117,500,2011-01-30T19:44:54Z,2026-06-02T07:34:43Z
zainfathoni,978,250,241,2014-01-04T02:37:33Z,2026-06-05T11:17:51Z
torvalds,306698,0,12,2011-09-03T15:26:22Z,2026-06-02T05:33:59Z
karpathy,198318,8,63,2010-04-10T17:55:32Z,2026-03-09T20:56:54Z
openai,123431,0,255,2015-10-03T19:34:05Z,2026-04-17T23:58:17Z
microsoft,122332,0,8027,2013-12-10T19:06:48Z,2025-06-06T20:30:56Z
claude,116765,0,0,2009-05-07T00:15:43Z,2026-01-02T00:03:45Z
gustavoguanabara,113223,3,8,2014-09-07T03:56:50Z,2026-04-18T09:51:31Z
yyx990803,108214,100,198,2010-11-28T01:05:40Z,2026-04-24T09:28:14Z
deepseek-ai,93063,0,34,2023-10-18T09:17:52Z,2024-03-23T17:55:39Z
gaearon,90824,174,296,2011-05-25T18:18:31Z,2026-06-09T20:51:49Z
peng-zhihui,86866,9,60,2015-06-22T04:59:39Z,2026-04-30T00:39:13Z
ruanyf,86640,0,75,2011-07-10T01:07:17Z,2026-06-07T10:21:19Z
sindresorhus,79760,31,1134,2009-12-20T22:57:02Z,2026-05-28T18:00:42Z
github,77217,0,551,2008-05-11T04:37:31Z,2026-05-06T23:12:05Z
bradtraversy,75963,9,321,2013-09-26T15:36:02Z,2026-05-12T19:07:26Z
google,73924,0,2879,2012-01-18T01:30:18Z,2025-06-28T19:58:20Z
anthropics,69172,0,90,2020-12-19T18:49:20Z,2025-05-20T18:06:55Z
JakeWharton,68351,9,151,2009-03-24T16:09:53Z,2026-06-09T20:38:48Z
huggingface,64504,0,439,2017-02-12T11:20:28Z,2025-10-09T16:40:46Z
TheAlgorithms,62552,0,44,2016-07-16T08:17:02Z,2021-05-08T06:44:32Z
lucidrains,60866,4,398,2009-07-25T19:06:27Z,2026-03-25T14:15:13Z
rafaballerini,59602,30,59,2019-08-20T15:07:30Z,2026-04-03T18:48:34Z
hiteshchoudhary,57854,0,123,2015-03-23T13:03:25Z,2026-06-04T14:16:27Z
IDouble,53751,532303,61,2016-03-31T09:16:13Z,2026-06-05T08:21:27Z
tj,51769,45,296,2008-09-18T22:37:28Z,2026-04-02T08:29:42Z
steipete,51308,109,174,2009-02-27T08:34:22Z,2026-06-06T23:27:11Z
EpicGames,50995,0,12,2014-02-07T13:01:43Z,2024-05-23T18:01:53Z
addyosmani,49522,266,356,2009-08-01T18:39:25Z,2026-04-17T06:03:52Z
ThePrimeagen,49198,5,236,2013-05-17T15:05:59Z,2026-05-18T02:34:52Z
modelcontextprotocol,47918,0,42,2024-09-20T20:53:28Z,2026-05-11T23:35:28Z
geohot,46785,0,102,2009-04-12T03:30:56Z,2026-04-29T21:38:33Z
getify,45145,3,74,2009-11-08T06:56:21Z,2026-04-28T20:14:44Z
krishnaik06,41829,0,347,2016-06-20T09:25:45Z,2026-06-05T08:16:42Z
CodeWithHarry,41132,0,41,2019-03-19T04:36:09Z,2026-06-01T09:54:05Z
3b1b,40488,0,9,2015-03-22T18:42:35Z,2026-04-16T23:57:22Z
nilbuild,40186,198,115,2013-07-02T12:54:45Z,2026-05-20T11:09:57Z
filipedeschamps,40104,8352,22,2013-04-24T17:59:20Z,2026-06-11T12:47:41Z
antfu,39471,409,396,2015-02-28T16:55:50Z,2026-06-08T04:48:29Z
Microsoft-corp,39374,0,0,2018-03-07T22:36:56Z,2019-04-03T20:34:33Z
michaelliao,38526,3,118,2010-11-06T12:21:35Z,2026-05-24T12:26:43Z
rasbt,38385,41,149,2013-10-05T16:06:10Z,2026-05-15T02:33:36Z
midudev,38381,2,229,2012-03-21T18:31:36Z,2026-05-17T04:36:55Z
JohnMwendwa,37873,40566,112,2020-10-10T16:10:04Z,2026-04-02T16:32:20Z
apple,37536,0,426,2015-01-21T20:19:28Z,2026-04-15T00:43:33Z
kunal-kushwaha,37221,0,48,2018-08-25T15:01:59Z,2026-05-19T16:44:28Z
adrianhajdin,36989,0,160,2017-01-03T16:57:28Z,2026-06-05T13:01:05Z
llSourcell,36745,4,491,2011-12-22T09:57:32Z,2026-05-11T10:25:08Z
dmalan,36317,7,21,2011-05-15T03:17:43Z,2026-06-02T16:14:54Z
facebookresearch,36255,0,1410,2016-01-28T18:56:55Z,2026-05-07T21:24:49Z
mouredev,35923,2,52,2016-02-03T09:53:44Z,2026-02-15T09:13:20Z
facebook,35800,0,165,2009-04-02T03:35:22Z,2026-05-07T21:24:44Z
taylorotwell,35579,3,34,2010-11-01T20:15:30Z,2026-06-02T01:42:07Z
wesbos,35560,30,434,2010-01-04T10:11:44Z,2026-04-21T12:16:26Z
kentcdodds,34811,49,750,2012-03-04T22:32:01Z,2026-06-05T22:04:37Z
Visual-Studio-Code,34762,0,1,2020-02-15T00:02:35Z,2024-08-14T12:13:15Z
freeCodeCamp,33577,0,239,2014-11-22T00:12:57Z,2026-06-04T12:13:36Z
ry,33197,40,62,2008-01-29T08:50:34Z,2026-05-16T11:57:40Z
diego3g,32682,88,75,2012-08-31T11:46:00Z,2026-06-08T14:14:32Z
iamshaunjp,32497,1,150,2014-11-19T06:40:23Z,2026-05-28T14:41:38Z
WebDevSimplified,32380,0,236,2018-05-29T02:08:43Z,2026-06-10T19:43:17Z
iam-veeramalla,31896,1,97,2018-09-19T05:58:52Z,2026-06-09T18:32:27Z
paulirish,31860,336,383,2008-12-09T00:39:23Z,2026-05-30T23:13:39Z
tiangolo,31443,7,50,2012-01-12T22:37:04Z,2026-06-11T15:27:57Z
python,31224,0,91,2012-03-11T15:56:37Z,2026-06-09T17:01:03Z
kennethreitz,29876,224,78,2009-08-26T21:17:47Z,2026-05-14T18:23:32Z
ReVanced,29869,0,50,2022-03-14T19:42:45Z,2025-10-11T17:57:59Z
community,29816,0,4,2021-11-05T15:55:03Z,2026-05-31T12:36:45Z
pewdiepie-archdaemon,29269,0,2,2025-08-27T21:42:51Z,2026-06-03T22:41:36Z
StephenGrider,29184,14,131,2013-07-13T18:34:45Z,2026-06-08T16:09:03Z
benawad,28981,4,256,2014-06-12T15:55:20Z,2026-06-08T19:43:11Z
vercel,28853,0,234,2015-10-05T19:40:30Z,2026-04-28T17:04:11Z
jonasschmedtmann,28786,0,7,2016-04-28T11:17:03Z,2026-04-06T06:24:56Z
datawhalechina,28780,0,210,2018-12-21T11:17:27Z,2025-12-17T12:25:23Z
gamemann,28749,90194,182,2014-01-26T22:43:05Z,2026-05-01T07:39:14Z
antirez,28562,4,108,2009-03-21T22:29:53Z,2026-04-23T14:18:39Z
brahmGAN,27314,0,18,2023-02-24T23:26:37Z,2025-11-10T11:31:03Z
elyxdev,27131,1,15,2023-11-19T23:00:22Z,2024-12-02T08:35:10Z
geerlingguy,27041,66,313,2010-11-15T03:12:45Z,2026-05-21T20:33:15Z
buckyroberts,27004,22,45,2014-08-25T16:33:40Z,2026-05-26T12:15:13Z
jwasham,26660,6,30,2013-03-05T03:55:46Z,2026-04-25T15:57:20Z
hadley,26647,1,249,2008-04-01T14:47:36Z,2026-06-07T13:30:10Z
NVIDIA,26542,0,748,2012-05-10T22:06:34Z,2026-02-19T17:09:33Z
gvanrossum,26333,5,28,2012-11-26T18:46:40Z,2026-06-07T12:28:20Z
ProgrammingHero1,25433,0,1041,2019-08-06T01:22:55Z,2026-05-23T12:44:07Z
BEPb,25291,25771,43,2019-11-03T07:41:52Z,2026-04-27T07:51:56Z
mrdoob,25201,200,58,2009-06-19T16:54:00Z,2026-06-08T08:32:12Z
techwithtim,25126,2,224,2018-01-11T20:46:30Z,2026-06-08T08:22:46Z
dhh,25068,0,6,2008-03-10T17:53:51Z,2026-05-22T16:17:37Z
mitsuhiko,25029,25,340,2008-04-15T10:03:57Z,2026-06-07T08:25:02Z
sdras,24944,153,103,2012-09-04T23:09:42Z,2026-06-03T18:43:03Z
daimajia,24923,271,96,2012-10-07T02:40:06Z,2026-05-28T09:05:25Z
google-deepmind,24888,0,393,2014-08-30T05:33:51Z,2025-06-28T19:58:26Z
mojombo,24635,11,66,2007-10-20T05:24:19Z,2026-05-29T01:54:43Z
hkirat,24418,127,160,2014-07-06T09:05:37Z,2026-05-02T14:45:21Z
kelseyhightower,24222,13,196,2011-10-12T18:38:48Z,2026-03-07T17:17:22Z
SebLague,24050,0,93,2013-04-26T16:22:27Z,2026-02-27T18:36:01Z
donnemartin,23953,2,27,2013-09-14T15:45:40Z,2026-03-12T01:24:17Z
mdo,23669,1,33,2009-06-25T02:06:14Z,2026-05-11T17:44:30Z
keijiro,23668,0,923,2010-07-26T02:03:23Z,2026-06-09T12:48:32Z
jadijadi,23648,68,110,2011-12-28T15:29:15Z,2026-06-08T07:35:42Z
mli,23636,1,21,2010-09-30T05:40:52Z,2026-06-10T02:09:14Z
liyupi,23566,30,103,2017-02-26T08:44:22Z,2026-05-28T02:52:40Z
mbostock,23385,0,88,2010-03-25T22:02:56Z,2026-04-10T07:01:19Z
tpope,23292,20,85,2008-02-18T18:08:55Z,2025-09-08T16:05:22Z
chiphuyen,23267,7,30,2015-04-17T17:20:11Z,2026-06-09T21:56:59Z
Visualize-ML,23238,0,10,2022-05-18T10:38:18Z,2026-03-22T14:59:54Z
codediodeio,23116,89,65,2014-12-13T01:26:59Z,2026-05-26T14:27:52Z
apache,23051,0,3136,2009-01-17T20:14:40Z,2026-05-12T11:24:29Z
mitchellh,22982,0,118,2008-02-27T23:27:54Z,2026-03-14T13:30:05Z
octocat,22919,9,8,2011-01-25T18:44:36Z,2026-05-22T11:38:32Z
defunkt,22709,215,107,2007-10-20T05:24:19Z,2025-08-08T19:18:26Z
dotnet,22697,0,278,2014-10-10T20:31:36Z,2020-11-17T20:32:49Z
mattpocock,22595,33,222,2017-05-02T09:05:18Z,2026-05-16T11:55:42Z
programthink,22526,0,5,2013-04-01T15:34:44Z,2018-04-24T08:56:24Z
termux,22358,0,63,2014-07-08T16:02:31Z,2026-05-28T12:00:36Z
xiaolai,22323,40,214,2009-11-13T18:29:42Z,2026-05-25T06:37:31Z
standardgalactic,22188,1119533,23968,2018-09-23T12:40:35Z,2026-06-06T19:12:23Z
openclaw,22064,0,74,2026-01-04T02:59:23Z,2026-05-20T18:57:29Z
brunosimon,21983,0,84,2013-09-11T23:44:41Z,2026-03-09T09:30:44Z
flutter,21933,0,24,2015-09-03T00:37:37Z,2025-06-28T19:58:28Z
douglascrockford,21917,2,20,2010-05-02T22:59:49Z,2026-01-06T19:19:46Z
AlexTheAnalyst,21884,0,19,2020-01-28T03:49:40Z,2026-05-18T14:00:35Z
MorvanZhou,21639,3,57,2016-05-17T12:19:13Z,2026-05-21T12:41:42Z
cloudwu,21627,2,139,2011-04-14T15:57:13Z,2026-06-04T23:21:49Z
kenjinote,21607,56984,678,2012-10-20T08:51:31Z,2026-05-28T11:46:12Z
Asabeneh,21394,21,192,2014-10-03T12:13:33Z,2026-05-19T11:48:50Z
tensorflow,21385,0,107,2015-11-04T19:32:50Z,2025-06-28T19:58:28Z
JacksonTian,21359,208,273,2010-07-09T02:46:57Z,2026-06-08T14:04:53Z
lllyasviel,21301,2,38,2016-06-09T08:35:46Z,2026-04-10T04:39:49Z
lucast1574,21054,10,42,2023-05-04T21:41:57Z,2026-05-20T05:10:30Z
phodal,20745,8,384,2010-11-08T11:46:51Z,2026-06-02T13:39:22Z
john-smilga,20707,0,262,2018-08-06T06:48:23Z,2026-05-26T11:43:30Z
angelabauer,20480,0,47,2014-09-16T21:03:28Z,2026-05-07T08:15:10Z
Rich-Harris,20475,0,395,2011-10-31T10:36:05Z,2026-06-10T23:27:13Z
developedbyed,20451,4,22,2017-08-17T18:54:11Z,2026-04-02T21:19:56Z
GoogleCloudPlatform,20440,0,1488,2012-11-16T04:52:17Z,2025-06-28T19:58:22Z
cs50,20419,0,129,2011-05-15T03:15:28Z,2024-10-06T01:42:33Z
vuejs,20411,0,124,2013-12-07T06:13:00Z,2026-06-09T12:47:17Z
MrXyfir,20149,1,6,2015-05-08T16:00:45Z,2026-05-30T23:17:23Z
tachiyomiorg,19957,0,14,2019-07-25T12:00:53Z,2026-05-28T14:13:12Z
ggerganov,19897,13,71,2012-07-17T12:41:43Z,2026-06-10T15:11:39Z
alibaba,19882,0,540,2012-07-12T08:40:35Z,2026-06-09T02:27:03Z
langchain-ai,19798,0,242,2023-03-02T00:37:16Z,2026-06-10T13:58:47Z
loiane,19790,149,223,2009-03-03T00:17:04Z,2026-01-01T17:31:14Z
shiffman,19502,35,174,2010-01-28T18:58:55Z,2026-06-06T17:15:47Z
home-assistant,19480,0,106,2015-08-18T04:27:28Z,2026-02-12T22:24:13Z
jakevdp,19340,6,241,2011-05-11T14:39:53Z,2026-05-30T16:25:04Z
PacktPublishing,19169,0,9596,2015-02-12T10:36:37Z,2024-12-22T08:19:28Z
unicitynetwork,19154,0,78,2024-10-21T17:17:45Z,2026-01-22T08:15:14Z
mattt,19104,463,132,2008-04-17T03:18:54Z,2026-05-28T19:54:02Z
jeresig,19048,30,111,2008-02-28T16:48:23Z,2026-06-05T11:24:54Z
chrisbanes,18918,4,62,2010-03-21T20:53:45Z,2026-05-27T14:45:21Z
t3dotgg,18850,65,130,2014-02-21T21:06:44Z,2026-04-30T08:20:51Z
android,18591,0,146,2017-10-10T23:00:21Z,2025-06-28T19:58:33Z
cumsoft,18477,175243,8,2022-01-06T18:27:26Z,2024-10-29T15:03:45Z
sandhikagalih,18446,22,102,2012-10-30T08:18:44Z,2026-06-05T11:41:06Z
esin,18260,190691,52,2009-04-02T12:01:48Z,2026-01-30T21:01:37Z
fchollet,18055,0,16,2011-04-05T08:25:37Z,2026-06-01T11:37:39Z
bytedance,18038,0,410,2013-04-15T08:03:53Z,2026-03-20T05:48:29Z
akitaonrails,17976,4,165,2008-03-11T17:14:52Z,2026-04-29T19:29:33Z
aws-samples,17968,0,8500,2014-09-26T17:29:50Z,2025-11-14T22:40:49Z
metatimeofficial,17959,0,2,2022-07-25T11:52:49Z,2023-05-08T15:17:14Z
trekhleb,17890,7,27,2012-12-09T08:38:00Z,2025-12-12T04:22:06Z
AUTOMATIC1111,17781,0,45,2016-08-09T05:39:07Z,2026-04-05T14:00:15Z
ageron,17557,5,92,2009-04-22T16:51:48Z,2026-06-10T05:44:47Z
vczh,17520,11,13,2011-05-07T08:30:48Z,2025-12-25T00:11:49Z
halfrost,17462,363,34,2015-02-03T07:01:48Z,2026-06-08T23:03:55Z
rust-lang,17412,0,243,2013-09-10T21:48:20Z,2025-11-18T16:06:04Z
codecrafters-io,17398,0,132,2019-12-15T10:01:57Z,2026-05-13T07:16:17Z
QwenLM,17355,0,45,2023-08-02T08:18:52Z,2025-11-13T02:41:49Z
jackfrued,17249,8,144,2014-05-03T15:04:08Z,2026-04-23T08:06:36Z
JeffreyWay,17245,0,67,2010-01-15T20:52:15Z,2026-04-23T17:12:36Z
justjavac,17203,88,445,2010-08-10T05:24:31Z,2026-06-08T10:42:11Z
atilsamancioglu,17199,4,533,2016-07-18T15:39:10Z,2026-06-08T07:56:13Z
Trinea,17034,38,24,2011-11-03T11:05:05Z,2026-06-09T00:46:32Z
peter-kimanzi,16982,1169,117,2020-09-19T11:46:36Z,2026-05-11T23:50:47Z
codingforentrepreneurs,16979,1,229,2014-06-30T22:02:22Z,2026-06-05T22:17:21Z
rauchg,16871,882,140,2008-06-09T02:22:48Z,2026-05-28T14:39:51Z
ahejlsberg,16662,0,4,2013-04-22T17:13:08Z,2026-05-21T17:28:27Z
maykbrito,16613,47,161,2014-02-10T20:07:04Z,2026-04-22T12:58:08Z
jlord,16565,30,174,2012-01-05T03:24:52Z,2026-05-25T13:03:38Z
spring-projects,16533,0,80,2010-06-29T18:58:02Z,2025-03-27T14:46:05Z
wesm,16516,57,131,2010-07-12T13:24:25Z,2026-06-11T16:32:44Z
spf13,16349,85,115,2009-12-29T03:37:15Z,2026-06-02T20:29:38Z
LeaVerou,16209,47,111,2010-01-03T22:53:12Z,2026-06-10T14:06:44Z
josevalim,16178,11,72,2008-05-07T14:41:01Z,2026-06-04T12:22:50Z
isaacs,16159,4,487,2008-05-04T19:43:46Z,2026-04-20T21:17:57Z
OracleBrain,16098,6712,50,2022-12-26T10:57:07Z,2026-06-11T16:29:09Z
Ovilia,16060,249,66,2011-05-10T12:43:24Z,2026-05-22T11:07:47Z
danielmiessler,16027,131,77,2009-01-31T05:14:04Z,2026-05-04T22:30:03Z
nodejs,16014,0,231,2014-11-25T17:10:50Z,2026-06-06T11:39:03Z
google-research,16014,0,345,2018-10-03T21:40:41Z,2025-06-28T19:58:35Z
stormzhang,15961,94,8,2012-09-03T02:58:11Z,2026-06-07T22:48:15Z
leerob,15910,0,39,2014-10-09T14:44:16Z,2026-05-23T14:17:13Z
lifesinger,15882,14,2,2009-06-20T03:23:05Z,2025-03-19T02:09:02Z
DIYgod,15839,447,97,2014-07-25T09:27:56Z,2026-05-07T15:08:39Z
onevcat,15827,143,257,2011-09-01T16:27:21Z,2026-05-18T07:20:28Z
idimetrix,15811,237704,4275,2014-01-29T15:58:22Z,2026-05-05T18:51:49Z
gopinav,15770,1,84,2015-07-02T06:20:46Z,2026-05-24T17:04:06Z
aws,15733,0,547,2012-08-28T05:37:55Z,2025-11-14T22:37:52Z
florinpop17,15731,35,100,2014-02-15T20:09:42Z,2026-05-21T10:12:27Z
ForrestKnight,15720,4,44,2015-11-02T22:52:19Z,2026-05-28T17:21:04Z
shadcn,15702,0,227,2009-09-08T17:49:59Z,2026-05-27T13:52:55Z
mosh-hamedani,15694,1,33,2013-09-12T04:38:33Z,2026-03-19T00:29:17Z
ossu,15648,0,10,2015-10-03T20:04:51Z,2026-06-10T12:15:24Z
Charles-Chrismann,15617,26,29,2021-01-28T14:18:01Z,2026-06-03T16:45:05Z
charmbracelet,15531,0,54,2019-11-04T23:27:11Z,2026-05-13T14:12:31Z
kubowania,15522,36,147,2019-06-04T09:16:52Z,2026-05-18T16:05:14Z
ChrisTitusTech,15430,39,103,2014-06-15T19:34:29Z,2026-06-10T15:00:15Z
simonw,15384,141,967,2008-05-07T17:22:14Z,2026-05-19T18:23:45Z
johnpapa,15362,1,159,2011-11-17T17:05:03Z,2026-06-05T17:48:01Z
in28minutes,15292,0,105,2015-09-05T14:09:58Z,2026-06-01T07:22:36Z
twitter,15268,0,101,2009-01-29T19:12:31Z,2026-04-17T19:25:20Z
Klerith,15236,3,570,2013-01-31T13:26:33Z,2026-05-02T20:55:27Z
lydiahallie,15192,0,64,2017-06-15T09:05:31Z,2026-06-11T02:18:26Z
ethereum,15140,0,301,2013-12-24T00:26:58Z,2025-05-19T14:16:03Z
astaxie,15069,22,83,2010-03-31T06:07:58Z,2026-06-10T11:29:27Z
matheusbattisti,15063,6,186,2015-04-07T15:15:46Z,2026-06-02T10:49:19Z
flipperdevices,15050,0,122,2019-11-09T23:05:27Z,2026-05-19T10:30:37Z
unclebob,15045,1,91,2008-11-27T04:42:05Z,2026-04-17T15:17:43Z
acdlite,14954,0,74,2013-02-18T08:08:56Z,2026-06-08T02:57:17Z
cassidoo,14868,105,189,2012-02-20T16:36:23Z,2026-06-08T23:55:52Z
feross,14848,297,148,2009-09-01T06:06:14Z,2026-06-07T03:38:14Z
anuraghazra,14843,126,139,2018-01-12T14:48:56Z,2026-06-10T11:48:39Z
Azure,14803,0,2712,2014-03-03T22:17:42Z,2025-04-16T20:01:30Z
RubyLouvre,14756,34,129,2010-01-27T12:26:59Z,2024-02-22T09:10:00Z
sorrycc,14747,76,256,2008-11-18T05:04:27Z,2026-05-28T08:51:21Z
taniarascia,14739,27,49,2015-04-14T22:48:45Z,2026-02-08T22:42:20Z
eust-w,14732,58,164,2018-05-09T07:07:42Z,2026-06-10T06:18:41Z
CyC2018,14732,5,7,2018-02-08T09:03:31Z,2026-01-24T17:53:27Z
tannerlinsley,14731,14,165,2013-09-30T21:34:41Z,2026-03-31T02:16:52Z
goodfeli,14689,4,19,2010-09-04T23:05:39Z,2025-12-04T20:53:05Z
mustafacagri,14688,122976,42,2014-05-05T12:47:31Z,2026-05-31T15:34:55Z
elder-plinius,14677,0,46,2023-05-09T19:46:10Z,2026-06-09T22:08:50Z
docker,14576,0,148,2013-09-10T17:53:43Z,2026-03-30T21:15:16Z
unknwon,14331,2,52,2012-12-02T20:02:58Z,2026-05-31T01:53:36Z
davidfowl,14274,9,291,2009-06-13T22:27:06Z,2026-06-11T00:01:54Z
Kwynto,14172,7,20,2017-08-29T07:10:05Z,2026-03-01T17:53:12Z
schacon,14156,28,234,2008-01-27T17:19:28Z,2026-05-29T11:26:51Z
twbs,14142,0,28,2012-11-29T05:47:03Z,2022-11-27T13:00:41Z
PremChapagain,14068,4,2,2019-02-13T05:33:07Z,2026-04-23T11:00:25Z
evanw,14061,36,125,2010-09-18T21:48:03Z,2026-04-27T15:11:11Z
brianyu28,14022,16,41,2015-11-29T07:25:29Z,2026-06-11T15:05:24Z
google-gemini,13984,0,44,2024-02-29T23:57:46Z,2025-06-28T19:58:44Z
Code-Bullet,13942,0,25,2018-02-07T09:03:59Z,2026-03-18T17:38:08Z
ishandutta2007,13932,75413,1762,2012-10-10T10:10:31Z,2026-06-07T11:41:48Z
acenelio,13913,2,290,2015-08-21T03:24:45Z,2026-03-30T13:57:05Z
fengdu78,13826,16,17,2017-03-01T15:57:52Z,2026-04-04T10:47:13Z
tomnomnom,13819,142,105,2009-02-26T16:54:20Z,2025-06-11T16:11:17Z
yinwang0,13812,2,19,2010-09-12T03:50:32Z,2026-01-26T07:35:12Z
cloudflare,13807,0,566,2010-06-25T01:24:59Z,2025-11-18T22:03:00Z
netlify,13804,0,378,2014-06-15T06:49:35Z,2026-03-09T18:52:54Z
n8n-io,13793,0,43,2018-11-30T12:19:59Z,2026-06-08T10:57:53Z
kubernetes,13790,0,80,2015-08-03T17:55:43Z,2024-08-28T00:31:39Z
rexim,13765,1,79,2009-12-10T00:28:53Z,2026-05-29T06:41:35Z
bailicangdu,13758,20,22,2016-07-05T09:14:13Z,2026-03-04T08:05:02Z
tjdevries,13738,167,178,2013-05-18T19:40:24Z,2026-06-05T19:50:01Z
intel-innersource,13701,0,0,2019-09-13T17:06:48Z,2025-11-14T16:15:17Z
tsoding,13700,0,302,2016-04-21T14:33:11Z,2022-10-04T02:20:28Z
jessfraz,13690,61,148,2012-02-17T02:15:05Z,2026-04-29T22:14:29Z
jashkenas,13672,0,23,2008-04-03T21:10:45Z,2026-06-01T13:39:09Z
CoreyMSchafer,13670,5,31,2013-04-03T12:58:54Z,2026-05-04T07:43:08Z
jonhoo,13660,5,264,2010-01-04T19:06:44Z,2026-06-10T20:25:55Z
Stability-AI,13649,0,105,2022-03-04T14:43:29Z,2026-05-18T21:05:37Z
knadh,13602,0,66,2011-01-04T15:32:55Z,2026-06-10T05:54:11Z
KaimingHe,13571,0,2,2015-03-12T05:08:15Z,2026-04-21T03:08:15Z
george0st,13563,74911,27,2021-12-09T11:11:51Z,2026-04-27T17:25:43Z
Tencent,13533,0,270,2016-04-14T10:38:57Z,2026-03-26T08:36:43Z
btholt,13513,77,175,2011-08-23T17:11:39Z,2026-04-27T19:33:06Z
fabpot,13420,0,85,2009-01-17T13:42:51Z,2026-03-21T20:43:59Z
PanJiaChen,13417,84,72,2014-07-10T06:45:26Z,2026-05-05T09:56:52Z
bot50,13371,0,0,2016-07-17T17:52:30Z,2026-06-11T05:57:34Z
vbuterin,13364,1,71,2012-08-28T00:33:09Z,2026-05-16T11:29:55Z
mattn,13359,1698,2187,2008-05-13T01:17:13Z,2026-05-21T09:59:48Z
ashishps1,13347,16,42,2014-09-03T20:00:40Z,2026-05-14T18:17:00Z
soumith,13345,419,170,2012-01-06T23:20:12Z,2026-06-04T21:32:53Z
bradfitz,13316,41,174,2008-03-09T05:08:14Z,2026-06-10T20:08:58Z
abuanwar072,13312,1,85,2018-08-26T07:04:51Z,2026-05-27T01:40:52Z
gitdagray,13305,1,175,2017-09-06T02:49:41Z,2026-06-09T21:30:00Z
yangshun,13302,296,134,2012-01-09T12:30:00Z,2026-04-29T12:59:22Z
egoist,13270,25,811,2014-09-15T22:08:21Z,2026-06-03T17:05:33Z
adamwathan,13266,12,178,2013-05-02T15:35:48Z,2026-02-02T18:05:40Z
professorguanabara,13246,2,7,2020-05-28T14:34:22Z,2025-07-09T16:11:52Z
philipplackner,13239,2,313,2019-08-09T07:42:14Z,2026-05-11T11:34:33Z
draveness,13185,28,51,2014-01-24T16:22:01Z,2026-06-03T07:17:17Z
breakwa11,13174,0,8,2014-08-13T09:46:15Z,2022-06-22T05:40:37Z
pytorch,13168,0,70,2016-08-13T05:07:47Z,2026-05-07T21:24:50Z
JetBrains,13158,0,824,2011-06-27T10:06:52Z,2026-02-24T10:51:31Z
nicknochnack,13134,5,219,2013-11-15T15:06:35Z,2026-06-09T22:49:05Z
rakyll,13115,0,236,2009-07-24T16:35:06Z,2026-05-19T14:52:40Z
LaurieWired,13106,0,38,2023-01-27T18:02:45Z,2026-04-13T20:55:04Z
hongyangAndroid,13001,35,103,2015-01-26T07:05:45Z,2026-05-27T03:15:18Z
angusshire,12996,227499,18,2013-11-07T07:23:07Z,2026-02-10T18:42:48Z
developit,12984,379,351,2009-07-15T08:22:03Z,2026-04-29T12:44:27Z
CelaDaniel,12967,9798,121,2015-08-03T09:44:00Z,2026-06-09T20:57:54Z
mathiasbynens,12936,163,591,2009-05-07T08:06:35Z,2026-05-08T07:28:15Z
miguelgrinberg,12918,0,206,2012-11-03T16:29:31Z,2026-06-02T04:24:36Z
obsidianmd,12871,0,14,2020-05-08T07:55:09Z,2023-06-01T16:21:53Z
TheCherno,12860,4,38,2012-02-26T08:39:00Z,2026-05-27T02:04:42Z
mdn,12831,0,134,2014-05-13T05:15:05Z,2026-04-26T22:10:20Z
skydoves,12815,19,82,2016-11-29T01:43:52Z,2026-05-22T06:28:25Z
