username,total_stars,avg_stars_per_repo,max_repo_stars,total_forks,avg_forks_per_repo,max_repo_forks,active_repos,total_repositories_found,active_repo_ratio
AbrahamSantiago,1,0.0625,1,0,0.0,0,0,16,0.0
Nicolas-Bueno,5,0.125,1,1,0.025,1,3,40,0.075
Ghazaleh-J,0,0.0,0,0,0.0,0,0,20,0.0
zangadoprojets,295,295.0,295,56,56.0,56,1,1,1.0
MagaliLimaDev,1,0.05555555555555555,1,0,0.0,0,0,18,0.0
dianakwamboka,0,0.0,0,0,0.0,0,0,100,0.0
andrew1andrew,0,0.0,0,0,0.0,0,0,9,0.0
IvanJahan,0,0.0,0,0,0.0,0,0,3,0.0
ErbosynNurbol,10,0.8333333333333334,4,5,0.4166666666666667,3,0,12,0.0
JonLee9257,0,0.0,0,0,0.0,0,3,5,0.6
FatimaMelo,4,0.11764705882352941,3,15,0.4411764705882353,11,0,34,0.0
VCESalesforce,0,0.0,0,0,0.0,0,0,0,0.0
feven2552,1,0.04,1,1,0.04,1,0,25,0.0
Aakash-Naykude,2,0.03773584905660377,1,2,0.03773584905660377,1,0,53,0.0
yasmin-io,9,0.391304347826087,1,0,0.0,0,0,23,0.0
zzz0105,0,0.0,0,0,0.0,0,0,4,0.0
rimwaka,7,0.4117647058823529,5,1,0.058823529411764705,1,1,17,0.058823529411764705
Develoi89,13,0.52,2,0,0.0,0,0,25,0.0
Usmchurst,0,0.0,0,1,0.02857142857142857,1,0,35,0.0
aliyasincicek,0,0.0,0,0,0.0,0,0,15,0.0
Dmitriy120588,0,0.0,0,0,0.0,0,0,4,0.0
GamingShibaBSC,0,0.0,0,0,0.0,0,0,0,0.0
Ramon-DS,1,0.047619047619047616,1,0,0.0,0,0,21,0.0
EmanMohamed2,2,0.15384615384615385,1,0,0.0,0,0,13,0.0
Devjaymmy,1,0.1,1,0,0.0,0,0,10,0.0
ArexanK,14,0.2413793103448276,2,12,0.20689655172413793,6,0,58,0.0
mahmutyazar,6,0.8571428571428571,6,1,0.14285714285714285,1,0,7,0.0
piyushxcpp,4,0.3076923076923077,2,1,0.07692307692307693,1,0,13,0.0
GustavoCavaretto,1,0.1111111111111111,1,0,0.0,0,0,9,0.0
H4CK-M4N,5,0.5,3,1,0.1,1,0,10,0.0
diorm47,219,2.5764705882352943,10,6,0.07058823529411765,3,1,85,0.011764705882352941
Gi0vana,0,0.0,0,0,0.0,0,0,6,0.0
Ranjit0979,7,0.4666666666666667,2,3,0.2,2,0,15,0.0
CarlaUyemura,0,0.0,0,0,0.0,0,0,20,0.0
Schreibmaschinespricht,0,0.0,0,0,0.0,0,0,0,0.0
aikba666,0,0.0,0,0,0.0,0,0,0,0.0
ajinjl77,0,0.0,0,0,0.0,0,0,1,0.0
HussienSaeed,1,0.05555555555555555,1,0,0.0,0,0,18,0.0
jlegrand-79,6,0.15789473684210525,2,2,0.05263157894736842,1,0,38,0.0
Nelson-Singleton,1,0.014925373134328358,1,0,0.0,0,0,67,0.0
vilo4kaaa,0,0.0,0,0,0.0,0,0,0,0.0
Drinpy,3,0.08108108108108109,3,3,0.08108108108108109,1,0,37,0.0
mokrzel,0,0.0,0,0,0.0,0,0,1,0.0
jhilesyoung,4,0.6666666666666666,3,0,0.0,0,0,6,0.0
ELEMENTFI,19,0.7916666666666666,7,17,0.7083333333333334,6,0,24,0.0
MelodiousWarbler,0,0.0,0,0,0.0,0,0,9,0.0
oguzhancokyilmaz,2,0.08,1,0,0.0,0,0,25,0.0
txrx0031,0,0.0,0,0,0.0,0,0,1,0.0
BethRyan,1,0.2,1,0,0.0,0,0,5,0.0
jnl1128,0,0.0,0,0,0.0,0,0,20,0.0
lopamudra2000,19,0.6551724137931034,4,11,0.3793103448275862,7,0,29,0.0
AndrejaCH,38,1.0555555555555556,26,15,0.4166666666666667,7,2,36,0.05555555555555555
Turmbeoz,1,0.08333333333333333,1,1,0.08333333333333333,1,0,12,0.0
jttilley,1,0.03225806451612903,1,3,0.0967741935483871,2,0,31,0.0
tombruaire,0,0.0,0,0,0.0,0,0,0,0.0
Enginatics,76,38.0,76,62,31.0,62,2,2,1.0
Bora-QA,25,12.5,20,2,1.0,1,1,2,0.5
nina0-0nina,0,0.0,0,0,0.0,0,1,15,0.06666666666666667
euJess,2,0.4,1,0,0.0,0,0,5,0.0
chjy0202,0,0.0,0,0,0.0,0,0,8,0.0
Some-CodingGuy,0,0.0,0,0,0.0,0,0,11,0.0
Laura-Bullek,2,0.0625,2,0,0.0,0,0,32,0.0
Iarkovenko,0,0.0,0,2,0.07407407407407407,1,0,27,0.0
haraprasadhota,25,1.6666666666666667,7,4,0.26666666666666666,2,1,15,0.06666666666666667
ks00919,0,0.0,0,0,0.0,0,0,8,0.0
StaVan28,9,0.5625,2,2,0.125,1,1,16,0.0625
vitomichael,4,0.12903225806451613,2,4,0.12903225806451613,2,0,31,0.0
EdgarAnt,2,0.02,1,1,0.01,1,2,100,0.02
ollienicholson,0,0.0,0,0,0.0,0,0,0,0.0
javsflores,0,0.0,0,0,0.0,0,0,33,0.0
giovannarigolei,0,0.0,0,0,0.0,0,0,18,0.0
Ibrahim-sho,0,0.0,0,0,0.0,0,0,21,0.0
00jongyun00,28,0.3076923076923077,3,0,0.0,0,0,91,0.0
HepoHB,4,0.2857142857142857,2,0,0.0,0,0,14,0.0
moha991,0,0.0,0,0,0.0,0,0,7,0.0
soulfly34,54,7.714285714285714,16,6,0.8571428571428571,4,1,7,0.14285714285714285
nimaprmdi,3,0.07317073170731707,1,6,0.14634146341463414,5,0,41,0.0
codegode23,3,0.07894736842105263,1,0,0.0,0,1,38,0.02631578947368421
herczogzoltan,19,2.111111111111111,9,5,0.5555555555555556,2,0,9,0.0
edward11-vip,0,0.0,0,0,0.0,0,0,3,0.0
soonduqq,0,0.0,0,0,0.0,0,0,4,0.0
furkannkaymaz,72,2.5714285714285716,11,1,0.03571428571428571,1,0,28,0.0
niv-bar,1,0.043478260869565216,1,0,0.0,0,1,23,0.043478260869565216
chideraigwe,0,0.0,0,0,0.0,0,0,2,0.0
Utsar,0,0.0,0,2,0.02531645569620253,1,0,79,0.0
CarlaGRibeiro,2,0.08695652173913043,1,2,0.08695652173913043,1,0,23,0.0
Rumel08,0,0.0,0,0,0.0,0,0,0,0.0
agustinagarciarey,4,0.5,2,4,0.5,3,0,8,0.0
nathantoannguyen,10,0.625,3,2,0.125,2,0,16,0.0
uttampandit,4,0.36363636363636365,3,1,0.09090909090909091,1,0,11,0.0
izabellyml,0,0.0,0,0,0.0,0,0,3,0.0
ioletsgo,11,1.5714285714285714,6,1,0.14285714285714285,1,4,7,0.5714285714285714
shubamwalia,109,13.625,109,75,9.375,75,1,8,0.125
Kimsihwan,1,0.010526315789473684,1,0,0.0,0,0,95,0.0
YeTian-93,11,1.8333333333333333,7,7,1.1666666666666667,5,1,6,0.16666666666666666
AsaOfDiamonds,1,0.01,1,5,0.05,5,0,100,0.0
maobuu,0,0.0,0,0,0.0,0,0,0,0.0
aritradey97,31,0.7560975609756098,13,14,0.34146341463414637,7,0,41,0.0
mvono,27,2.4545454545454546,15,6,0.5454545454545454,4,1,11,0.09090909090909091
RyoJerryYu,132,1.32,78,28,0.28,15,12,100,0.12
bradserlis,2,0.03076923076923077,1,5,0.07692307692307693,2,0,65,0.0
FuzzyRabbit,0,0.0,0,0,0.0,0,0,0,0.0
zhangheng941002,35,3.5,14,10,1.0,7,0,10,0.0
marissabarlaz,6,2.0,4,8,2.6666666666666665,4,0,3,0.0
MrLordSith,3,0.42857142857142855,2,0,0.0,0,1,7,0.14285714285714285
jason967,1,0.02631578947368421,1,0,0.0,0,0,38,0.0
viniciuspolux,0,0.0,0,0,0.0,0,1,18,0.05555555555555555
nicolascouvrat,42,1.4482758620689655,29,12,0.41379310344827586,4,5,29,0.1724137931034483
moyu-yyds,5,0.38461538461538464,3,0,0.0,0,0,13,0.0
Ivan-lan,1,0.034482758620689655,1,32,1.103448275862069,29,0,29,0.0
briemcnally,8,0.18604651162790697,4,0,0.0,0,0,43,0.0
AlirezaMorsali,56,1.6470588235294117,17,7,0.20588235294117646,2,4,34,0.11764705882352941
akyo8,7,0.15555555555555556,2,1,0.022222222222222223,1,0,45,0.0
lovemercybiz,3,0.09090909090909091,1,0,0.0,0,0,33,0.0
marrvins,0,0.0,0,0,0.0,0,0,0,0.0
mayasingh39,0,0.0,0,0,0.0,0,0,8,0.0
firstborg,16,5.333333333333333,9,0,0.0,0,0,3,0.0
papotus,0,0.0,0,0,0.0,0,0,0,0.0
cmourlas,5,1.25,5,9,2.25,9,0,4,0.0
yudhagalang,1,0.07142857142857142,1,0,0.0,0,0,14,0.0
Luke-lujunxian,31,0.8857142857142857,9,1,0.02857142857142857,1,0,35,0.0
silencessss,54,1.542857142857143,10,3,0.08571428571428572,3,0,35,0.0
aluruiz,2,0.125,1,1,0.0625,1,1,16,0.0625
JayOneTheSk8,0,0.0,0,0,0.0,0,0,87,0.0
HeenGhIIT,0,0.0,0,0,0.0,0,0,13,0.0
diprajpatra,741,247.0,740,99,33.0,98,1,3,0.3333333333333333
arifparvez14,2,0.045454545454545456,2,6,0.13636363636363635,5,0,44,0.0
duguiming111,230,15.333333333333334,148,43,2.8666666666666667,22,2,15,0.13333333333333333
inkarnasion,4,0.3333333333333333,1,1,0.08333333333333333,1,0,12,0.0
git-doge,1,0.16666666666666666,1,0,0.0,0,0,6,0.0
markie-dev,68,4.533333333333333,48,19,1.2666666666666666,12,0,15,0.0
ademsas1026,0,0.0,0,3,0.25,3,0,12,0.0
menhood,57,2.0357142857142856,29,12,0.42857142857142855,6,4,28,0.14285714285714285
gafmn,0,0.0,0,0,0.0,0,0,16,0.0
TENTOfficial,55,0.7857142857142857,29,116,1.6571428571428573,24,0,70,0.0
HyperDbgBot,0,0.0,0,1,0.1111111111111111,1,1,9,0.1111111111111111
raktim-ghosh,43,3.0714285714285716,38,12,0.8571428571428571,12,1,14,0.07142857142857142
giancarloC,0,0.0,0,1,0.14285714285714285,1,1,7,0.14285714285714285
kenzs,2,1.0,1,0,0.0,0,0,2,0.0
hashmi7917,3,0.043478260869565216,1,0,0.0,0,0,69,0.0
se-looper,38,6.333333333333333,17,20,3.3333333333333335,5,0,6,0.0
jkchengh,15,2.142857142857143,13,6,0.8571428571428571,6,0,7,0.0
mahdisharifloo,17,0.8095238095238095,2,1,0.047619047619047616,1,0,21,0.0
Wistar777,0,0.0,0,0,0.0,0,2,19,0.10526315789473684
SUAN4423,3,0.1875,2,2,0.125,1,0,16,0.0
eliqwamo,5,0.23809523809523808,3,9,0.42857142857142855,2,0,21,0.0
keisukefujii,50,4.545454545454546,15,3,0.2727272727272727,2,0,11,0.0
andreasdahl1987,69,8.625,38,21,2.625,11,3,8,0.375
samupp2758,1,0.125,1,0,0.0,0,0,8,0.0
RaguRamanTB,4,0.25,2,2,0.125,1,0,16,0.0
SheLovesCode,2,0.15384615384615385,2,0,0.0,0,0,13,0.0
brokolililer,0,0.0,0,0,0.0,0,0,2,0.0
bsumlin,129,9.923076923076923,121,53,4.076923076923077,48,1,13,0.07692307692307693
heavysink,1,0.09090909090909091,1,1,0.09090909090909091,1,0,11,0.0
paulaperoutka,2,0.06060606060606061,2,2,0.06060606060606061,1,0,33,0.0
akshaymittur,1,0.058823529411764705,1,2,0.11764705882352941,1,0,17,0.0
bryanjwong,8,1.6,6,9,1.8,6,1,5,0.2
element-of-surprise,17,0.85,6,3,0.15,1,1,20,0.05
xavierolivares,2,0.03773584905660377,1,1,0.018867924528301886,1,0,53,0.0
st2yang,4,0.36363636363636365,3,3,0.2727272727272727,2,1,11,0.09090909090909091
Surajgaire0,2,0.13333333333333333,1,0,0.0,0,1,15,0.06666666666666667
benjamin-lewandowski,0,0.0,0,0,0.0,0,0,0,0.0
Campbell1695,0,0.0,0,0,0.0,0,0,15,0.0
tjouinrmld,0,0.0,0,0,0.0,0,0,4,0.0
NastyRu,21,0.7,2,2,0.06666666666666667,2,0,30,0.0
seaung,169,2.0609756097560976,13,2,0.024390243902439025,1,20,82,0.24390243902439024
JMantello,0,0.0,0,0,0.0,0,1,3,0.3333333333333333
artistasuave,0,0.0,0,0,0.0,0,0,17,0.0
SamsonHua,5,0.25,1,0,0.0,0,0,20,0.0
marie-lu,4,0.8,4,0,0.0,0,0,5,0.0
Auleen,3,0.1111111111111111,1,0,0.0,0,1,27,0.037037037037037035
codewnw,18,0.46153846153846156,6,3,0.07692307692307693,1,0,39,0.0
LisaTsai,2,0.06896551724137931,1,6,0.20689655172413793,4,0,29,0.0
AnumSheraz,26,1.7333333333333334,19,9,0.6,4,1,15,0.06666666666666667
xaviertobin,0,0.0,0,0,0.0,0,0,0,0.0
lylllcc,54,1.9285714285714286,11,7,0.25,2,0,28,0.0
stxjr,28,9.333333333333334,16,0,0.0,0,0,3,0.0
lecomte,31,3.875,29,6,0.75,6,1,8,0.125
christian-vigh-phpclasses,164,6.074074074074074,127,109,4.037037037037037,95,0,27,0.0
helei2015,1,0.1,1,5,0.5,3,0,10,0.0
qmch,29,4.833333333333333,22,7,1.1666666666666667,6,1,6,0.16666666666666666
FumikiSAMA,6,3.0,6,0,0.0,0,0,2,0.0
pascalschulz,34,2.2666666666666666,32,13,0.8666666666666667,13,0,15,0.0
zsobin,21,4.2,18,841,168.2,586,1,5,0.2
Moonet,14,1.75,7,10,1.25,5,0,8,0.0
becky7,0,0.0,0,1,1.0,1,0,1,0.0
rasky0607,6,0.24,2,2,0.08,1,1,25,0.04
mplsmitch,0,0.0,0,0,0.0,0,0,7,0.0
zhaoxuchunjingshui,0,0.0,0,0,0.0,0,0,1,0.0
jonathanlmartinez,1,0.07142857142857142,1,1,0.07142857142857142,1,0,14,0.0
ionutcalofir,1,0.05,1,3,0.15,2,0,20,0.0
gilangtartila99,1,0.04,1,7,0.28,3,0,25,0.0
mcktr,66,4.4,35,21,1.4,12,1,15,0.06666666666666667
gsabato,13,6.5,12,9,4.5,9,1,2,0.5
JackieZhangdx,700,175.0,597,101,25.25,88,1,4,0.25
eversky,0,0.0,0,0,0.0,0,0,5,0.0
robynbanadera,0,0.0,0,0,0.0,0,0,0,0.0
wajidarshad,48,3.0,28,14,0.875,5,3,16,0.1875
September-9,0,0.0,0,1,0.05555555555555555,1,0,18,0.0
Ranqing,13,0.13,3,7,0.07,1,1,100,0.01
scarlet-glass,15,0.30612244897959184,2,6,0.12244897959183673,1,0,49,0.0
Tocchetto,11,0.22,3,5,0.1,1,0,50,0.0
wowczarek,39,2.7857142857142856,19,19,1.3571428571428572,11,2,14,0.14285714285714285
markygan123,1,0.017241379310344827,1,12,0.20689655172413793,1,2,58,0.034482758620689655
KyleBWilson49,16,0.32653061224489793,2,6,0.12244897959183673,4,0,49,0.0
nathycardoso,0,0.0,0,0,0.0,0,0,5,0.0
JPorts,1,0.06666666666666667,1,0,0.0,0,0,15,0.0
vinit-shah,8,1.1428571428571428,3,1,0.14285714285714285,1,0,7,0.0
Larry-u,20,1.1111111111111112,14,0,0.0,0,2,18,0.1111111111111111
xxgicoxx,86,2.15,9,19,0.475,7,3,40,0.075
SyncChannel,108,6.0,52,26,1.4444444444444444,11,1,18,0.05555555555555555
bugsz,8,0.5714285714285714,4,2,0.14285714285714285,1,0,14,0.0
hyeonson,1,0.0625,1,0,0.0,0,0,16,0.0
SobSharma,1,0.06666666666666667,1,1,0.06666666666666667,1,0,15,0.0
StefanRadusi,2,0.09523809523809523,1,9,0.42857142857142855,4,3,21,0.14285714285714285
KrasimiraGeorgieva,1,0.03333333333333333,1,1,0.03333333333333333,1,0,30,0.0
hughbagan,7,0.3181818181818182,2,5,0.22727272727272727,1,0,22,0.0
DPracht,0,0.0,0,0,0.0,0,0,0,0.0
gbacce,1,0.019230769230769232,1,1,0.019230769230769232,1,0,52,0.0
alexkimin,2,0.02,1,7,0.07,2,4,100,0.04
myibookmoe,2,0.5,2,3,0.75,1,0,4,0.0
schele,3,0.3333333333333333,1,0,0.0,0,0,9,0.0
vpfautz,16,0.5517241379310345,8,6,0.20689655172413793,4,0,29,0.0
Mychellangello,0,0.0,0,2,0.6666666666666666,2,0,3,0.0
grayhildreth,0,0.0,0,1,0.012658227848101266,1,0,79,0.0
a-ridley,13,0.40625,5,9,0.28125,4,0,32,0.0
dli2016,24,1.0434782608695652,5,2,0.08695652173913043,1,0,23,0.0
EMarie128,3,0.2727272727272727,2,0,0.0,0,0,11,0.0
forbearing,137,4.419354838709677,73,44,1.4193548387096775,24,2,31,0.06451612903225806
saeedmehr,20,1.3333333333333333,6,2,0.13333333333333333,2,0,15,0.0
snyk-community,0,0.0,0,0,0.0,0,1,100,0.01
lasemcode,11,0.9166666666666666,4,8,0.6666666666666666,5,0,12,0.0
ElizCarvalho,4,0.05263157894736842,1,1,0.013157894736842105,1,0,76,0.0
drewdt1,1,0.25,1,0,0.0,0,0,4,0.0
Ravid12,3,0.21428571428571427,2,0,0.0,0,0,14,0.0
Rijwandeltax,9,0.6428571428571429,4,8,0.5714285714285714,2,2,14,0.14285714285714285
AmerAlOmari,0,0.0,0,0,0.0,0,0,14,0.0
bedirhancinar,0,0.0,0,0,0.0,0,0,7,0.0
zhangjie000,216,18.0,77,12,1.0,9,0,12,0.0
jill-lee,0,0.0,0,1,0.07692307692307693,1,0,13,0.0
Tazkia,1,0.1,1,1,0.1,1,0,10,0.0
giselaortt,5,0.16666666666666666,3,1,0.03333333333333333,1,4,30,0.13333333333333333
jackstenglein,45,0.9782608695652174,26,97,2.108695652173913,47,5,46,0.10869565217391304
waltandmartha,0,0.0,0,1,0.0625,1,0,16,0.0
cristian-mattarei,78,7.8,75,18,1.8,18,1,10,0.1
Lyyoness,46,3.2857142857142856,32,11,0.7857142857142857,7,1,14,0.07142857142857142
AhmedKorwash,14,0.875,4,3,0.1875,1,0,16,0.0
azat-d,19,4.75,19,5,1.25,5,0,4,0.0
yotsaphonSutweha,5,0.08333333333333333,2,0,0.0,0,0,60,0.0
antoineguillory,5,0.2631578947368421,3,3,0.15789473684210525,3,0,19,0.0
paleotronic,184,30.666666666666668,76,16,2.6666666666666665,9,3,6,0.5
vickswift,10,0.29411764705882354,4,9,0.2647058823529412,3,0,34,0.0
againxx,44,0.8461538461538461,17,10,0.19230769230769232,3,0,52,0.0
Irynavb,1,0.03225806451612903,1,0,0.0,0,0,31,0.0
QiLinJane,6,0.6,4,8,0.8,4,0,10,0.0
davidinfante,37,1.5416666666666667,28,10,0.4166666666666667,7,1,24,0.041666666666666664
lwsong,4,1.3333333333333333,4,0,0.0,0,0,3,0.0
kselkowitz,16,1.4545454545454546,4,9,0.8181818181818182,2,3,11,0.2727272727272727
htangsmart,72,4.235294117647059,45,54,3.176470588235294,30,5,17,0.29411764705882354
DianaVashti,7,0.14285714285714285,4,34,0.6938775510204082,9,0,49,0.0
matthewxing1,2,0.4,1,0,0.0,0,0,5,0.0
leonardopaganelli,3,0.14285714285714285,1,0,0.0,0,0,21,0.0
imhighoncoffee,28,0.8235294117647058,22,45,1.3235294117647058,24,1,34,0.029411764705882353
gunaya,2,0.06060606060606061,1,1,0.030303030303030304,1,0,33,0.0
bogdantarasenkozp,1,0.043478260869565216,1,0,0.0,0,2,23,0.08695652173913043
leah-h,0,0.0,0,0,0.0,0,0,5,0.0
vschs007,47,0.47,44,59,0.59,57,2,100,0.02
rayd1893,0,0.0,0,1,0.041666666666666664,1,0,24,0.0
LewBr,13,0.5909090909090909,5,10,0.45454545454545453,4,0,22,0.0
npq7721,22,0.4583333333333333,6,72,1.5,27,0,48,0.0
carpetofgreenness,1,0.038461538461538464,1,1,0.038461538461538464,1,0,26,0.0
PeteCookeAtDMU,0,0.0,0,0,0.0,0,0,7,0.0
Scaleframe,12,0.5714285714285714,4,2,0.09523809523809523,1,0,21,0.0
AmmarYasserHassan,8,2.0,3,5,1.25,3,2,4,0.5
tomateos,0,0.0,0,0,0.0,0,0,13,0.0
vxwong,140,46.666666666666664,139,68,22.666666666666668,68,1,3,0.3333333333333333
kimlan1510,8,0.08888888888888889,3,2,0.022222222222222223,1,0,90,0.0
yangxiaoyu98,1,0.1,1,1,0.1,1,0,10,0.0
eraser5th,50,0.8928571428571429,4,1,0.017857142857142856,1,1,56,0.017857142857142856
End-Dev-web,29,1.2083333333333333,19,21,0.875,13,1,24,0.041666666666666664
brunocallachi,0,0.0,0,0,0.0,0,0,2,0.0
IIITSurat,0,0.0,0,0,0.0,0,0,0,0.0
thaismsb,0,0.0,0,1,0.025,1,0,40,0.0
pstory721,5,0.5555555555555556,2,0,0.0,0,0,9,0.0
JanainaGarbugio,1,0.037037037037037035,1,3,0.1111111111111111,2,0,27,0.0
vincentbarboza,4,0.2857142857142857,1,0,0.0,0,1,14,0.07142857142857142
rolerusher,1,1.0,1,0,0.0,0,0,1,0.0
vivitc,4,0.14285714285714285,1,8,0.2857142857142857,4,0,28,0.0
Knkumarasinghe,0,0.0,0,0,0.0,0,0,11,0.0
rafamendes9,16,1.2307692307692308,3,0,0.0,0,0,13,0.0
Eutardigrada,7,0.875,2,0,0.0,0,0,8,0.0
TonyStone31,16,0.16,8,5,0.05,2,1,100,0.01
kwakkyunghee,0,0.0,0,2,0.02247191011235955,1,0,89,0.0
BurakErenCatal,8,1.0,3,0,0.0,0,0,8,0.0
mluizac,1,0.1,1,0,0.0,0,0,10,0.0
athirson-santos,13,0.6190476190476191,2,1,0.047619047619047616,1,0,21,0.0
Joelmalima,1,0.07142857142857142,1,0,0.0,0,0,14,0.0
yuyunas,0,0.0,0,0,0.0,0,0,1,0.0
LaiseSilva,4,0.125,2,0,0.0,0,0,32,0.0
Ritika-Pandey01,1,0.038461538461538464,1,0,0.0,0,0,26,0.0
huntandhackett,970,88.18181818181819,549,100,9.090909090909092,49,6,11,0.5454545454545454
UvinduRajapakshe,110,2.0,8,185,3.3636363636363638,40,3,55,0.05454545454545454
kiyoungkim1,430,71.66666666666667,394,59,9.833333333333334,51,2,6,0.3333333333333333
stefandreyer,226,12.555555555555555,140,42,2.3333333333333335,25,11,18,0.6111111111111112
alex-hhh,723,27.807692307692307,372,108,4.153846153846154,24,7,26,0.2692307692307692
jeremyxu2010,276,3.4936708860759493,119,110,1.3924050632911393,36,6,79,0.0759493670886076
Babyyumy,0,0.0,0,0,0.0,0,0,16,0.0
AlmondBreez3,2,0.06060606060606061,2,7,0.21212121212121213,4,1,33,0.030303030303030304
Waboodoo,1886,209.55555555555554,1719,170,18.88888888888889,142,6,9,0.6666666666666666
zhoushiwei,271,2.71,234,115,1.15,110,1,100,0.01
michaelmang,248,3.701492537313433,28,141,2.1044776119402986,28,7,67,0.1044776119402985
YustantiMuji,9,0.6428571428571429,2,3,0.21428571428571427,2,1,14,0.07142857142857142
DaaeChristine,0,0.0,0,0,0.0,0,1,1,1.0
ESP32Async,785,196.25,609,160,40.0,102,4,4,1.0
balajikris,2,0.029411764705882353,1,4,0.058823529411764705,2,0,68,0.0
whiskeysierra,47,1.0444444444444445,18,11,0.24444444444444444,4,4,45,0.08888888888888889
Maru-zhang,810,17.608695652173914,360,207,4.5,94,5,46,0.10869565217391304
feh-franc0,3,0.03,1,1,0.01,1,3,100,0.03
Sukanyasingh3,88,2.75,6,13,0.40625,4,5,32,0.15625
MuhammadSabah,52,0.52,36,16,0.16,9,3,100,0.03
DougSig,6,0.6,3,1,0.1,1,0,10,0.0
hamidmomivand73,0,0.0,0,0,0.0,0,1,1,1.0
yongqyu,689,21.53125,175,211,6.59375,59,5,32,0.15625
7541-Algoritmos-y-programacion-2,33,4.125,31,10,1.25,5,1,8,0.125
thanhluan73,2,0.3333333333333333,1,0,0.0,0,0,6,0.0
benmoshe,34,2.125,12,85,5.3125,55,2,16,0.125
mbjelonic,3,1.5,3,2,1.0,2,0,2,0.0
wbpowell328,378,75.6,367,158,31.6,155,3,5,0.6
forkercat,135,2.872340425531915,46,14,0.2978723404255319,3,11,47,0.23404255319148937
Abyravka90,9,0.17307692307692307,3,15,0.28846153846153844,13,3,52,0.057692307692307696
pavlobaron,302,6.425531914893617,97,106,2.25531914893617,34,0,47,0.0
amychurchwell,3,0.03,2,0,0.0,0,1,100,0.01
ajaytech,124,2.1379310344827585,52,125,2.1551724137931036,43,3,58,0.05172413793103448
steffahn,45,0.9375,23,5,0.10416666666666667,2,9,48,0.1875
liferay-continuous-integration,2,0.06666666666666667,1,2,0.06666666666666667,2,1,30,0.03333333333333333
natecavanaugh,98,1.6610169491525424,28,52,0.8813559322033898,9,1,59,0.01694915254237288
nidup,106,1.5142857142857142,25,24,0.34285714285714286,6,2,70,0.02857142857142857
sdierauf,9,0.09,2,7,0.07,6,2,100,0.02
arthurcarneiro1,22,0.4,3,0,0.0,0,15,55,0.2727272727272727
quacktwins,0,0.0,0,0,0.0,0,0,0,0.0
fcorowe,140,1.7721518987341771,42,39,0.4936708860759494,14,7,79,0.08860759493670886
HELLBOY017,153,3.558139534883721,81,107,2.488372093023256,56,5,43,0.11627906976744186
tsahil01,50,0.5,7,10,0.1,2,14,100,0.14
jcsmileyjr,16,0.16,3,5,0.05,2,1,100,0.01
ricklupton,1185,12.34375,462,295,3.0729166666666665,89,10,96,0.10416666666666667
szetszwo,0,0.0,0,3,0.375,1,2,8,0.25
jacobtoye,94,4.2727272727272725,68,40,1.8181818181818181,28,1,22,0.045454545454545456
SadatHossain01,20,0.7142857142857143,6,2,0.07142857142857142,1,4,28,0.14285714285714285
IgnorantGuru,855,50.294117647058826,521,159,9.352941176470589,78,7,17,0.4117647058823529
yunyoung1819,2,0.02631578947368421,1,3,0.039473684210526314,1,7,76,0.09210526315789473
fhereduardo90,23,1.3529411764705883,7,6,0.35294117647058826,6,0,17,0.0
fazo96,469,5.453488372093023,220,56,0.6511627906976745,18,7,86,0.08139534883720931
intellij-rust,4642,515.7777777777778,4534,420,46.666666666666664,386,2,9,0.2222222222222222
bobo6891,0,0.0,0,0,0.0,0,0,6,0.0
fadilsflow,18,0.18181818181818182,8,7,0.0707070707070707,2,39,99,0.3939393939393939
muhammedshahinshapottayil,2,0.08695652173913043,1,2,0.08695652173913043,1,0,23,0.0
dipespandey,3,0.08333333333333333,1,1,0.027777777777777776,1,3,36,0.08333333333333333
wadearnold,20,2.0,10,3,0.3,2,1,10,0.1
HasanHuseyinDemir,13,0.2826086956521739,2,0,0.0,0,0,46,0.0
andrewhsu,4,0.07547169811320754,3,1,0.018867924528301886,1,1,53,0.018867924528301886
joshuaflanagan,148,1.5416666666666667,39,62,0.6458333333333334,13,1,96,0.010416666666666666
FatmaNurAkturkk,4,0.13793103448275862,1,0,0.0,0,0,29,0.0
JohnnyonFlame,261,2.61,56,91,0.91,17,13,100,0.13
evrenaktas0,1,0.3333333333333333,1,0,0.0,0,3,3,1.0
findlampert,0,0.0,0,0,0.0,0,0,1,0.0
UNICT-DMI,319,6.134615384615385,41,129,2.480769230769231,31,12,52,0.23076923076923078
wpt-pr-bot,0,0.0,0,0,0.0,0,0,0,0.0
wjs5025,3,0.12,1,2,0.08,2,0,25,0.0
trustlelab,10,0.3448275862068966,5,4,0.13793103448275862,1,3,29,0.10344827586206896
g2p,1154,11.54,395,175,1.75,47,5,100,0.05
securitytemplates,906,906.0,906,128,128.0,128,1,1,1.0
suryakant-greytip,29,1.8125,3,0,0.0,0,0,16,0.0
UpperCod,90,0.9,24,9,0.09,2,0,100,0.0
lagden,99,0.99,19,16,0.16,7,1,100,0.01
nbogie,23,0.23,7,597,5.97,287,4,100,0.04
ZallyS2,260,4.90566037735849,9,3,0.05660377358490566,1,11,53,0.20754716981132076
Lima08,0,0.0,0,0,0.0,0,0,26,0.0
ManIsCat2,296,10.206896551724139,225,81,2.793103448275862,65,11,29,0.3793103448275862
tanshuai0219,541,77.28571428571429,471,50,7.142857142857143,40,7,7,1.0
williamcotton,445,4.45,158,32,0.32,9,13,100,0.13
Dpinkney001,6,0.09523809523809523,2,0,0.0,0,4,63,0.06349206349206349
Morty-debug,24,0.96,3,5,0.2,2,1,25,0.04
oscar-g,1,0.05263157894736842,1,3,0.15789473684210525,1,0,19,0.0
whn09,46,0.46,12,17,0.17,5,9,100,0.09
akirasosa,839,14.982142857142858,721,179,3.1964285714285716,133,10,56,0.17857142857142858
dygufa,38,1.4615384615384615,8,7,0.2692307692307692,3,2,26,0.07692307692307693
ImagingDataCommons,953,13.054794520547945,228,322,4.410958904109589,53,41,73,0.5616438356164384
bryanbocao,87,0.87,22,43,0.43,32,6,100,0.06
kubegems,549,13.390243902439025,447,215,5.2439024390243905,93,4,41,0.0975609756097561
8ytest0rm,0,0.0,0,0,0.0,0,0,0,0.0
bupaapac,0,0.0,0,0,0.0,0,0,0,0.0
jhermesn,85,1.5454545454545454,42,12,0.21818181818181817,4,17,55,0.3090909090909091
pokonski,80,2.0,53,32,0.8,20,5,40,0.125
igogo-x86,1532,306.4,1524,248,49.6,247,2,5,0.4
relh,128,1.3473684210526315,80,16,0.16842105263157894,10,6,95,0.06315789473684211
sameteyisan,9,0.9,5,4,0.4,2,0,10,0.0
sashka,51,0.51,40,7,0.07,7,2,100,0.02
xuhaoyang,2598,29.862068965517242,2580,6091,70.01149425287356,6086,7,87,0.08045977011494253
gericdong,5,0.45454545454545453,5,0,0.0,0,1,11,0.09090909090909091
NicholasTechmoverai,3,0.0625,1,2,0.041666666666666664,1,28,48,0.5833333333333334
pagseguro-core,0,0.0,0,1,0.5,1,0,2,0.0
DayMarket,13,0.5,8,2,0.07692307692307693,1,4,26,0.15384615384615385
avalynndev,609,9.36923076923077,282,101,1.5538461538461539,27,35,65,0.5384615384615384
Bitcoin-Wildlife-Sanctuary,271,7.970588235294118,160,59,1.7352941176470589,23,5,34,0.14705882352941177
DhananjayNarayan,22,1.1578947368421053,3,6,0.3157894736842105,3,0,19,0.0
bckenstler,1364,59.30434782608695,1207,293,12.73913043478261,245,5,23,0.21739130434782608
0x0d,432,16.615384615384617,374,193,7.423076923076923,145,2,26,0.07692307692307693
kris-kaspersky,12,0.75,3,25,1.5625,4,0,16,0.0
Yaykut,30,0.3191489361702128,2,8,0.0851063829787234,5,1,94,0.010638297872340425
mostafa4994,0,0.0,0,0,0.0,0,0,1,0.0
acolima,115,2.5555555555555554,10,8,0.17777777777777778,3,0,45,0.0
officialheartwell,18,1.3846153846153846,4,2,0.15384615384615385,1,0,13,0.0
keefertaylor,112,1.5342465753424657,67,33,0.4520547945205479,13,0,73,0.0
kwappa,115,1.3372093023255813,16,33,0.38372093023255816,9,1,86,0.011627906976744186
yunzhiy,3,0.3,1,0,0.0,0,0,10,0.0
educandoweb,0,0.0,0,0,0.0,0,0,2,0.0
Sholanke,124,3.263157894736842,52,47,1.236842105263158,17,0,38,0.0
udevsharold,513,11.930232558139535,153,106,2.4651162790697674,31,8,43,0.18604651162790697
maner-niyet,6,0.07058823529411765,1,30,0.35294117647058826,16,0,85,0.0
melomanie,0,0.0,0,0,0.0,0,1,1,1.0
nebrassy,169,1.7604166666666667,25,328,3.4166666666666665,46,5,96,0.052083333333333336
jiangzhengnan,700,24.137931034482758,246,134,4.620689655172414,42,7,29,0.2413793103448276
sstaub,712,19.243243243243242,209,133,3.5945945945945947,36,20,37,0.5405405405405406
david4tech,17,1.0625,7,6,0.375,2,1,16,0.0625
phani-rajbn,43,0.7413793103448276,13,105,1.8103448275862069,26,0,58,0.0
olpakmetehan,7,0.12280701754385964,1,0,0.0,0,1,57,0.017543859649122806
alexiglesias93,20,1.1764705882352942,10,6,0.35294117647058826,4,1,17,0.058823529411764705
kroger,507,63.375,392,57,7.125,47,5,8,0.625
sadatrafsanjani,398,4.795180722891566,308,268,3.2289156626506026,188,3,83,0.03614457831325301
ieugen,105,1.05,33,8,0.08,2,11,100,0.11
fjchange,1078,10.78,667,195,1.95,103,7,100,0.07
bensternthal,26,0.26,5,13,0.13,3,6,100,0.06
FengZiYjun,89,2.6176470588235294,35,19,0.5588235294117647,7,2,34,0.058823529411764705
Anushka-codergirl,32,0.37209302325581395,15,64,0.7441860465116279,52,7,86,0.08139534883720931
ejunjsh,525,6.402439024390244,251,92,1.1219512195121952,48,8,82,0.0975609756097561
henningkayser,11,0.25,4,6,0.13636363636363635,4,0,44,0.0
mtth-bfft,690,15.681818181818182,492,81,1.8409090909090908,45,8,44,0.18181818181818182
sdsdsd96,0,0.0,0,0,0.0,0,0,8,0.0
juathanduarte,7,0.14583333333333334,1,1,0.020833333333333332,1,1,48,0.020833333333333332
jaszhix,294,7.7368421052631575,113,61,1.605263157894737,19,5,38,0.13157894736842105
KwesitheDev,5,0.25,1,1,0.05,1,11,20,0.55
ibagsoft,21,1.105263157894737,7,34,1.7894736842105263,10,0,19,0.0
overture8,252,2.896551724137931,128,37,0.42528735632183906,10,1,87,0.011494252873563218
bplok20010,767,7.67,732,120,1.2,104,8,100,0.08
elijh,8,0.21621621621621623,3,6,0.16216216216216217,5,1,37,0.02702702702702703
mark-bradshaw,146,13.272727272727273,110,16,1.4545454545454546,12,3,11,0.2727272727272727
ebekker,1363,13.63,1212,205,2.05,175,4,100,0.04
sorear,360,4.390243902439025,152,59,0.7195121951219512,14,3,82,0.036585365853658534
CpanelInc,242,2.42,44,211,2.11,40,35,100,0.35
kornilova203,254,6.0476190476190474,130,27,0.6428571428571429,18,6,42,0.14285714285714285
leticiaantunesjpeg,1,0.05555555555555555,1,3,0.16666666666666666,2,0,18,0.0
synCodx,1,0.1,1,0,0.0,0,4,10,0.4
nicolasblanco,1424,14.24,935,217,2.17,85,5,100,0.05
alanhartless,10,0.2702702702702703,5,10,0.2702702702702703,5,0,37,0.0
yuxincs,258,12.9,148,50,2.5,26,7,20,0.35
discoveryinc-cs,1,1.0,1,0,0.0,0,1,1,1.0
daf2a,110,3.142857142857143,73,27,0.7714285714285715,18,2,35,0.05714285714285714
jonathanccardoso,25,0.3472222222222222,8,5,0.06944444444444445,2,2,72,0.027777777777777776
georgejecook,384,4.129032258064516,282,71,0.7634408602150538,29,5,93,0.053763440860215055
marcinwyszynski,144,2.1818181818181817,62,61,0.9242424242424242,18,2,66,0.030303030303030304
johlju,24,0.26666666666666666,3,4,0.044444444444444446,1,14,90,0.15555555555555556
keklikhasan,1399,42.39393939393939,1375,395,11.969696969696969,389,1,33,0.030303030303030304
gh123man,1027,12.679012345679013,472,101,1.2469135802469136,36,10,81,0.12345679012345678
kkc,80,0.9876543209876543,21,26,0.32098765432098764,10,8,81,0.09876543209876543
JulliaThainna,0,0.0,0,1,0.05555555555555555,1,1,18,0.05555555555555555
gotbahn,179,12.785714285714286,130,47,3.357142857142857,40,4,14,0.2857142857142857
LordRegis22,77,2.138888888888889,20,26,0.7222222222222222,15,1,36,0.027777777777777776
dioneapp,206,51.5,170,41,10.25,20,3,4,0.75
chamatt,330,5.689655172413793,246,33,0.5689655172413793,9,3,58,0.05172413793103448
prokulski,58,1.183673469387755,12,28,0.5714285714285714,3,6,49,0.12244897959183673
kommen,92,1.4603174603174602,24,12,0.19047619047619047,4,7,63,0.1111111111111111
TalitaSouza26,18,0.6666666666666666,3,2,0.07407407407407407,1,1,27,0.037037037037037035
wilfredmulenga,52,0.8813559322033898,12,18,0.3050847457627119,7,4,59,0.06779661016949153
movefuns,588,15.891891891891891,183,197,5.324324324324325,117,3,37,0.08108108108108109
patel-zeel,45,0.45,10,28,0.28,4,2,100,0.02
2knal,40,0.8,18,30,0.6,7,0,50,0.0
asparagui,42,5.25,24,4,0.5,4,0,8,0.0
eremohn,7,0.18421052631578946,3,5,0.13157894736842105,3,7,38,0.18421052631578946
soarpenguin,443,4.663157894736842,140,213,2.2421052631578946,46,5,95,0.05263157894736842
dushmanta05,36,0.4090909090909091,11,6,0.06818181818181818,3,12,88,0.13636363636363635
Stand-der-Technik,0,0.0,0,0,0.0,0,0,0,0.0
yehwansong,9,0.09,2,7,0.07,1,8,100,0.08
rampageX,79,0.79,38,18,0.18,10,19,100,0.19
igorgolovanov,31,0.3522727272727273,14,10,0.11363636363636363,7,6,88,0.06818181818181818
k-fire,340,12.592592592592593,246,75,2.7777777777777777,55,6,27,0.2222222222222222
edgarberlinck,19,0.36538461538461536,6,5,0.09615384615384616,3,17,52,0.3269230769230769
Dovgalyuk,123,2.1578947368421053,39,410,7.192982456140351,361,6,57,0.10526315789473684
BeckShe,7,0.07,1,0,0.0,0,8,100,0.08
PeteHaitch,79,1.0128205128205128,16,30,0.38461538461538464,7,4,78,0.05128205128205128
shreyas-lyzr,57,1.0,23,18,0.3157894736842105,4,51,57,0.8947368421052632
a7medayman6,89,0.89,18,102,1.02,84,14,100,0.14
RobotsAndPencils,691,6.91,476,166,1.66,81,3,100,0.03
mentorblessiano,0,0.0,0,0,0.0,0,0,5,0.0
n1c01a5,10,0.1,2,11,0.11,4,2,100,0.02
gregkorte,8,0.12121212121212122,5,4,0.06060606060606061,2,7,66,0.10606060606060606
bevilacqua1996,11,0.4074074074074074,2,1,0.037037037037037035,1,7,27,0.25925925925925924
Daniel-Vinicius,97,1.1829268292682926,13,39,0.47560975609756095,9,1,82,0.012195121951219513
xuanyu-h,6,0.75,3,1,0.125,1,2,8,0.25
04diiguyi,1,0.058823529411764705,1,0,0.0,0,0,17,0.0
GoZaddy,164,5.290322580645161,71,78,2.5161290322580645,58,1,31,0.03225806451612903
PixelPioneer-pro,0,0.0,0,1,0.09090909090909091,1,0,11,0.0
tasadurian,16,0.35555555555555557,3,0,0.0,0,1,45,0.022222222222222223
BrickheadJohnny,21,3.5,11,0,0.0,0,0,6,0.0
samuel-marsh,314,13.083333333333334,302,38,1.5833333333333333,33,7,24,0.2916666666666667
Justin3go,832,17.70212765957447,508,117,2.4893617021276597,69,8,47,0.1702127659574468
kamachiii,20,0.2,19,4,0.04,3,14,100,0.14
Akshat111111,167,1.67,97,159,1.59,101,9,100,0.09
ava-orange-education,128,1.28,15,85,0.85,10,47,100,0.47
NimaKhajehpour,158,10.533333333333333,42,5,0.3333333333333333,3,7,15,0.4666666666666667
georgegognadze,386,16.782608695652176,369,112,4.869565217391305,101,4,23,0.17391304347826086
Tereami,75,0.872093023255814,20,47,0.5465116279069767,5,13,86,0.1511627906976744
sieleemmanuel,17,0.29310344827586204,4,1,0.017241379310344827,1,0,58,0.0
isha-mohan,47,3.6153846153846154,27,20,1.5384615384615385,11,0,13,0.0
krlawrence,862,172.4,861,258,51.6,258,1,5,0.2
turquetti,30,1.0714285714285714,8,9,0.32142857142857145,2,0,28,0.0
mbotos,377,31.416666666666668,256,202,16.833333333333332,127,2,12,0.16666666666666666
Tangent-Wei,2749,687.25,2708,243,60.75,236,1,4,0.25
xjs1919,319,8.621621621621621,74,222,6.0,45,5,37,0.13513513513513514
AhmedRebai,58,1.183673469387755,5,12,0.24489795918367346,6,1,49,0.02040816326530612
techefx,39,3.9,6,185,18.5,68,1,10,0.1
Parisa-Bagherzadeh,239,7.46875,20,1,0.03125,1,1,32,0.03125
iBaa,1946,216.22222222222223,1905,624,69.33333333333333,607,2,9,0.2222222222222222
zui0711,259,12.95,209,101,5.05,81,4,20,0.2
madd86,12223,814.8666666666667,12197,1322,88.13333333333334,1318,6,15,0.4
splashley,15,0.25862068965517243,6,8,0.13793103448275862,3,0,58,0.0
to,265,132.5,265,53,26.5,53,2,2,1.0
furkanbingol,40,1.7391304347826086,14,2,0.08695652173913043,1,1,23,0.043478260869565216
dusnat,22,0.4230769230769231,10,22,0.4230769230769231,5,0,52,0.0
talktopri,4,0.10256410256410256,4,2,0.05128205128205128,1,1,39,0.02564102564102564
egeerardyn,1719,40.92857142857143,1637,140,3.3333333333333335,122,8,42,0.19047619047619047
Cldfire,143,4.612903225806452,78,17,0.5483870967741935,7,7,31,0.22580645161290322
NateTheGreatt,1567,38.21951219512195,1437,134,3.268292682926829,113,3,41,0.07317073170731707
liyokuna,15,1.0714285714285714,3,6,0.42857142857142855,2,0,14,0.0
hdsuperman,16,1.3333333333333333,15,3,0.25,3,0,12,0.0
jimenezraul,28,0.28,8,13,0.13,6,2,100,0.02
marlonnardi,95,1.7924528301886793,73,54,1.0188679245283019,29,3,53,0.05660377358490566
Rektoff,300,75.0,232,41,10.25,29,3,4,0.75
zhcosin,382,14.692307692307692,165,74,2.8461538461538463,29,3,26,0.11538461538461539
Mariam-Amin12,20,0.5882352941176471,4,1,0.029411764705882353,1,10,34,0.29411764705882354
0xNuru,7,0.14,2,4,0.08,1,2,50,0.04
syoung125,33,1.1,6,3,0.1,2,0,30,0.0
anilbey,29,0.3625,6,7,0.0875,1,1,80,0.0125
rplevy,810,14.210526315789474,579,49,0.8596491228070176,23,5,57,0.08771929824561403
Cydiar,11,2.2,5,0,0.0,0,2,5,0.4
tomiiide,125,2.6041666666666665,103,106,2.2083333333333335,93,1,48,0.020833333333333332
davidcornu,63,0.7777777777777778,16,15,0.18518518518518517,4,2,81,0.024691358024691357
hwangstar156,20,0.2898550724637681,12,0,0.0,0,4,69,0.057971014492753624
hexeguitar,607,11.673076923076923,211,111,2.1346153846153846,32,15,52,0.28846153846153844
libevent,12658,1808.2857142857142,11915,3717,531.0,3465,4,7,0.5714285714285714
sh8,243,3.7384615384615385,91,40,0.6153846153846154,18,5,65,0.07692307692307693
paweljw,4,0.3076923076923077,1,0,0.0,0,12,13,0.9230769230769231
zhuo1angT,12,0.48,11,5,0.2,5,1,25,0.04
justafish,99,1.596774193548387,30,85,1.3709677419354838,23,2,62,0.03225806451612903
johnpaparrizos,12,2.0,7,2,0.3333333333333333,2,2,6,0.3333333333333333
charleskorn,708,7.08,586,101,1.01,71,7,100,0.07
celikkoseoglu,124,6.2,109,22,1.1,14,1,20,0.05
Vbanety,9,0.2727272727272727,2,0,0.0,0,2,33,0.06060606060606061
Artexxx,73,4.055555555555555,11,2,0.1111111111111111,1,18,18,1.0
cenwenchu,148,13.454545454545455,134,75,6.818181818181818,60,1,11,0.09090909090909091
detekt,7892,717.4545454545455,6965,945,85.9090909090909,838,6,11,0.5454545454545454
WouterVanNifterick,478,5.370786516853933,283,168,1.8876404494382022,81,12,89,0.1348314606741573
GabiGrin,167,2.3857142857142857,51,51,0.7285714285714285,16,6,70,0.08571428571428572
FlorentBelotti,1,0.038461538461538464,1,3,0.11538461538461539,1,6,26,0.23076923076923078
nay,213,9.26086956521739,65,68,2.9565217391304346,26,3,23,0.13043478260869565
ALIREZA0J,4,1.0,1,0,0.0,0,0,4,0.0
greenlion,1301,41.96774193548387,640,336,10.838709677419354,168,4,31,0.12903225806451613
fhlemes,14,0.4827586206896552,13,4,0.13793103448275862,4,1,29,0.034482758620689655
yasinbakkal,12,0.9230769230769231,1,0,0.0,0,12,13,0.9230769230769231
ka9q,374,19.68421052631579,318,101,5.315789473684211,77,16,19,0.8421052631578947
muminoff,49,0.49,28,17,0.17,11,1,100,0.01
kei95,47,0.47,17,11,0.11,2,5,100,0.05
fsquillace,2590,39.24242424242424,2220,162,2.4545454545454546,115,3,66,0.045454545454545456
awesomepeng,62,0.9253731343283582,21,6,0.08955223880597014,4,0,67,0.0
Teddy-van-Jerry,416,5.073170731707317,67,60,0.7317073170731707,16,11,82,0.13414634146341464
slon,480,14.117647058823529,471,146,4.294117647058823,139,2,34,0.058823529411764705
gcsrilanka,89,3.0689655172413794,19,753,25.96551724137931,293,1,29,0.034482758620689655
javamonn,118,1.5324675324675325,62,37,0.4805194805194805,21,1,77,0.012987012987012988
lingxitong,768,9.846153846153847,344,55,0.7051282051282052,28,41,78,0.5256410256410257
oumatoulacen,4,0.04938271604938271,2,0,0.0,0,15,81,0.18518518518518517
pzduniak,111,2.5813953488372094,52,18,0.4186046511627907,5,1,43,0.023255813953488372
Mhmdmnsouri,27,0.6428571428571429,6,3,0.07142857142857142,1,6,42,0.14285714285714285
topopt,317,45.285714285714285,256,105,15.0,82,6,7,0.8571428571428571
Niaz-estefaie,19,0.9047619047619048,7,1,0.047619047619047616,1,0,21,0.0
ips610,21,0.6,4,4,0.11428571428571428,1,3,35,0.08571428571428572
Jinsoo1004,6,0.75,5,1,0.125,1,2,8,0.25
jasmainak,19,0.2345679012345679,5,18,0.2222222222222222,9,1,81,0.012345679012345678
mracipayam,4,0.04,2,0,0.0,0,0,100,0.0
thiagolvlsantos,19,1.0,6,2,0.10526315789473684,1,0,19,0.0
Ashukla011,54,0.8852459016393442,5,2,0.03278688524590164,2,12,61,0.19672131147540983
IntelligentRoboticsLabs,371,4.580246913580247,91,155,1.9135802469135803,32,17,81,0.20987654320987653
mikhael28,42,1.5555555555555556,34,49,1.8148148148148149,45,11,27,0.4074074074074074
nihat417,33,0.33,7,8,0.08,5,0,100,0.0
cathywife,11,0.11,5,9,0.09,1,0,100,0.0
sounny,3,0.03,1,9,0.09,2,11,100,0.11
GhazaleZe,84,3.111111111111111,7,13,0.48148148148148145,2,2,27,0.07407407407407407
imclint21,44,0.4583333333333333,10,20,0.20833333333333334,5,4,96,0.041666666666666664
Neo-Hao,260,5.531914893617022,150,106,2.25531914893617,59,3,47,0.06382978723404255
fadeevab,1594,106.26666666666667,1056,173,11.533333333333333,93,9,15,0.6
rozgo,11,0.11,1,12,0.12,4,4,100,0.04
GeekZooStudio,2517,279.6666666666667,978,1785,198.33333333333334,520,7,9,0.7777777777777778
khloudcode,64,1.6,11,2,0.05,1,34,40,0.85
microprediction,362,3.62,151,103,1.03,22,10,100,0.1
qarmin,33323,370.25555555555553,31435,1214,13.488888888888889,1075,27,90,0.3
videlalvaro,2827,28.27,1873,306,3.06,98,15,100,0.15
IAmRyota,0,0.0,0,0,0.0,0,0,0,0.0
defcc,32,1.7777777777777777,29,3,0.16666666666666666,3,0,18,0.0
blasten,7719,128.65,7468,2670,44.5,2552,5,60,0.08333333333333333
zhouguangming,0,0.0,0,0,0.0,0,0,3,0.0
piacoin,4,0.5,3,0,0.0,0,0,8,0.0
syoyo,223,2.23,33,39,0.39,7,5,100,0.05
NyaMisty,2685,26.85,1198,1899,18.99,1514,32,100,0.32
Notsfsssf,14510,273.77358490566036,11858,615,11.60377358490566,432,6,53,0.11320754716981132
Siris4,4,0.04,1,0,0.0,0,0,100,0.0
University-of-South-Florida,0,0.0,0,0,0.0,0,0,0,0.0
mozilla-firefox,12332,1233.2,12316,1235,123.5,1223,6,10,0.6
IT-varsity-Materials,386,96.5,123,274,68.5,89,4,4,1.0
waditu,20729,2072.9,15118,6108,610.8,4437,6,10,0.6
nathadriele,183,3.519230769230769,22,13,0.25,5,43,52,0.8269230769230769
Gurupreet,7795,324.7916666666667,6836,974,40.583333333333336,853,4,24,0.16666666666666666
tpruvot,3415,34.15,1659,1590,15.9,736,3,100,0.03
eviltester,613,6.13,120,415,4.15,115,31,100,0.31
essentialdevelopercom,1071,178.5,493,729,121.5,493,5,6,0.8333333333333334
ninghao,235,2.35,47,112,1.12,24,1,100,0.01
bxcodec,12837,313.0975609756098,10113,1614,39.36585365853659,1306,10,41,0.24390243902439024
Friedrich482,154,6.416666666666667,30,18,0.75,3,7,24,0.2916666666666667
Ralim,8864,103.06976744186046,8231,970,11.279069767441861,815,20,86,0.23255813953488372
davidmarkclements,4943,49.43,3546,228,2.28,115,6,100,0.06
slowy07,165,1.65,54,16,0.16,3,5,100,0.05
bobangajicsm,1146,39.51724137931034,658,1278,44.06896551724138,787,8,29,0.27586206896551724
jamonholmgren,557,5.57,308,42,0.42,14,10,100,0.1
ACyphus,19,0.40425531914893614,9,8,0.1702127659574468,2,3,47,0.06382978723404255
madhums,7424,78.97872340425532,5099,1918,20.404255319148938,1348,8,94,0.0851063829787234
nrennie,1396,13.96,154,219,2.19,56,40,100,0.4
sony,12459,124.59,3621,1585,15.85,335,72,100,0.72
misterblack1,672,18.16216216216216,89,97,2.6216216216216215,14,21,37,0.5675675675675675
jmechner,6816,6816.0,6816,737,737.0,737,1,1,1.0
Dornamohtaram,30,5.0,8,1,0.16666666666666666,1,5,6,0.8333333333333334
xyflow,41696,1667.84,37024,3617,144.68,2433,15,25,0.6
marcotcr,15547,471.1212121212121,12143,2363,71.60606060606061,1849,6,33,0.18181818181818182
Zproger,1151,127.88888888888889,732,188,20.88888888888889,106,6,9,0.6666666666666666
wgh136,8743,301.48275862068965,8640,1136,39.172413793103445,1059,5,29,0.1724137931034483
tavisrudd,152,4.222222222222222,70,27,0.75,7,6,36,0.16666666666666666
qntm,5407,168.96875,2198,240,7.5,60,29,32,0.90625
knowbody,1164,11.64,377,118,1.18,26,5,100,0.05
keyu-tian,1542,18.357142857142858,1369,121,1.4404761904761905,84,4,84,0.047619047619047616
ledell,596,10.456140350877194,399,274,4.807017543859649,202,6,57,0.10526315789473684
softchris,119,1.19,15,74,0.74,13,12,100,0.12
JamesHenry,172,2.819672131147541,85,49,0.8032786885245902,13,1,61,0.01639344262295082
Jezzamonn,2817,28.17,2693,256,2.56,237,7,100,0.07
PatrykIA,79,3.95,18,22,1.1,4,5,20,0.25
yifengyou,576,5.76,241,175,1.75,40,20,100,0.2
johnsonjh,577,5.77,119,50,0.5,12,29,100,0.29
sam-astro,1934,60.4375,918,213,6.65625,101,15,32,0.46875
rebeloper,305,3.05,82,88,0.88,14,7,100,0.07
skiff-org,1800,105.88235294117646,976,841,49.470588235294116,382,8,17,0.47058823529411764
stulzq,3511,35.11,1345,889,8.89,225,10,100,0.1
andresriancho,7624,76.24,4875,1824,18.24,1239,12,100,0.12
liancheng,1218,13.533333333333333,520,285,3.1666666666666665,115,9,90,0.1
abrehan2,36,0.4931506849315068,4,5,0.0684931506849315,1,10,73,0.136986301369863
jwage,1925,113.23529411764706,899,303,17.823529411764707,121,6,17,0.35294117647058826
tomocchino,183,20.333333333333332,74,28,3.111111111111111,14,4,9,0.4444444444444444
andreasjansson,852,8.52,342,158,1.58,37,12,100,0.12
edent,17937,245.7123287671233,15353,1394,19.095890410958905,968,26,73,0.3561643835616438
Khan,5631,56.31,5338,286,2.86,185,9,100,0.09
meganz,10196,108.46808510638297,2177,2828,30.085106382978722,591,32,94,0.3404255319148936
hzy46,7183,163.25,4675,2795,63.52272727272727,1742,10,44,0.22727272727272727
agntcy,2066,43.041666666666664,316,419,8.729166666666666,57,48,48,1.0
ddollar,8404,84.04,6153,945,9.45,630,7,100,0.07
itheima1,8218,304.3703703703704,4644,2296,85.03703703703704,1234,12,27,0.4444444444444444
milaan9,7124,154.8695652173913,667,5766,125.34782608695652,339,33,46,0.717391304347826
PapaReact,189,27.0,62,69,9.857142857142858,29,1,7,0.14285714285714285
surunzi,323,9.787878787878787,148,79,2.393939393939394,32,17,33,0.5151515151515151
Galaxies-dev,2174,48.31111111111111,406,846,18.8,153,30,45,0.6666666666666666
zusmani,267,13.35,81,98,4.9,26,4,20,0.2
mtianyan,3572,35.72,934,1292,12.92,363,8,100,0.08
eisneim,698,16.232558139534884,129,250,5.813953488372093,71,13,43,0.3023255813953488
developersdigest,7092,87.55555555555556,5026,1293,15.962962962962964,780,68,81,0.8395061728395061
sequencer,153,1.5454545454545454,36,35,0.35353535353535354,8,4,99,0.04040404040404041
a2,656,6.56,291,111,1.11,64,4,100,0.04
cfregly,1597,15.97,1568,248,2.48,222,2,100,0.02
julianstorer,0,0.0,0,0,0.0,0,4,4,1.0
jakeajames,2253,29.25974025974026,363,635,8.246753246753247,131,14,77,0.18181818181818182
toddwschneider,5716,248.52173913043478,2071,1276,55.47826086956522,567,15,23,0.6521739130434783
pittcsc,2395,53.22222222222222,1772,442,9.822222222222223,309,14,45,0.3111111111111111
dievus,3848,49.333333333333336,574,765,9.807692307692308,100,21,78,0.2692307692307692
Ak74-577,0,0.0,0,0,0.0,0,0,2,0.0
hadikachmar3,639,6.39,205,387,3.87,93,7,100,0.07
StudioCherno,3030,303.0,2404,668,66.8,477,9,10,0.9
z-song,12056,430.57142857142856,11153,3152,112.57142857142857,2826,5,28,0.17857142857142858
visenger,14297,180.9746835443038,13931,2200,27.848101265822784,2074,6,79,0.0759493670886076
prideout,3515,41.845238095238095,988,320,3.8095238095238093,76,18,84,0.21428571428571427
Expensify,9891,152.16923076923078,4900,5064,77.9076923076923,3886,26,65,0.4
mohamadSaleh82,78,6.0,28,24,1.8461538461538463,18,11,13,0.8461538461538461
0xRick,389,64.83333333333333,142,105,17.5,35,4,6,0.6666666666666666
Link-,963,16.322033898305083,395,502,8.508474576271187,356,14,59,0.23728813559322035
hiroppy,5546,55.46,5372,212,2.12,190,3,100,0.03
larshp,727,7.27,323,231,2.31,79,12,100,0.12
TommyLemon,8069,80.69,5605,1700,17.0,1374,6,100,0.06
lens-protocol,4729,143.3030303030303,2842,1496,45.333333333333336,881,12,33,0.36363636363636365
bokuweb,1157,11.57,525,154,1.54,109,11,100,0.11
burrsutter,775,7.75,598,490,4.9,365,8,100,0.08
simonpj,52,4.333333333333333,17,6,0.5,4,2,12,0.16666666666666666
bespoyasov,5212,140.86486486486487,2578,562,15.18918918918919,292,14,37,0.3783783783783784
angelicaweiler,196,5.6,33,47,1.3428571428571427,12,17,35,0.4857142857142857
MrToph,1097,10.97,190,387,3.87,86,11,100,0.11
chentao0707,6578,173.10526315789474,4548,2383,62.71052631578947,1587,4,38,0.10526315789473684
zoom,2189,21.89,644,1203,12.03,343,80,100,0.8
jantic,18551,687.074074074074,18481,2671,98.92592592592592,2649,4,27,0.14814814814814814
caiogondim,8035,80.35,2840,713,7.13,374,14,100,0.14
Mach-Levi,140,2.7450980392156863,7,4,0.0784313725490196,2,4,51,0.0784313725490196
ndmitchell,4464,44.64,1593,637,6.37,207,12,100,0.12
isyuricunha-zz,29,1.380952380952381,11,1,0.047619047619047616,1,0,21,0.0
maxrave-dev,9618,229.0,9475,509,12.119047619047619,462,17,42,0.40476190476190477
MattNami,31,1.3478260869565217,6,1,0.043478260869565216,1,10,23,0.43478260869565216
moorocco,1,1.0,1,0,0.0,0,1,1,1.0
s-r-e-e-r-a-j,1384,30.755555555555556,527,221,4.911111111111111,77,45,45,1.0
aprildunnam,851,21.275,547,298,7.45,234,8,40,0.2
reactos,18470,486.05263157894734,17617,2688,70.73684210526316,2129,38,38,1.0
ShawhinT,1548,44.22857142857143,886,1308,37.371428571428574,581,27,35,0.7714285714285715
terjanq,2762,69.05,2364,284,7.1,219,10,40,0.25
mosra,7246,181.15,5165,1024,25.6,464,15,40,0.375
rabernat,189,1.89,153,94,0.94,67,1,100,0.01
technexxa,262,3.275,13,19,0.2375,3,31,80,0.3875
scotthmurray,2930,225.3846153846154,2424,2094,161.07692307692307,1769,4,13,0.3076923076923077
ghqc,30,30.0,30,4,4.0,4,0,1,0.0
altercation,23844,1490.25,15987,5420,338.75,3459,5,16,0.3125
cznic,4046,69.75862068965517,1299,339,5.844827586206897,76,10,58,0.1724137931034483
hiddify-com,80,2.6666666666666665,8,111,3.7,96,9,30,0.3
Wh04m1001,3248,56.0,840,590,10.172413793103448,100,22,58,0.3793103448275862
seancorfield,5122,51.22,1898,523,5.23,173,21,100,0.21
gabrieldim,4459,66.55223880597015,131,199,2.970149253731343,16,22,67,0.3283582089552239
falkTX,3212,32.12,2105,421,4.21,177,31,100,0.31
EdisonTalk,1313,33.666666666666664,420,805,20.641025641025642,198,14,39,0.358974358974359
MaxXSoft,484,10.083333333333334,183,62,1.2916666666666667,24,5,48,0.10416666666666667
7oSkaaa,799,16.645833333333332,220,234,4.875,84,12,48,0.25
alan-turing-institute,942,9.42,343,451,4.51,101,30,100,0.3
rudrankriyam,2120,21.2,1078,202,2.02,67,63,100,0.63
alganet,292,2.92,36,28,0.28,6,45,100,0.45
marmelroy,19653,727.8888888888889,5376,2218,82.14814814814815,859,9,27,0.3333333333333333
SeuTao,2114,38.43636363636364,681,599,10.89090909090909,199,8,55,0.14545454545454545
betanalpha,552,42.46153846153846,172,169,13.0,97,9,13,0.6923076923076923
flibitijibibo,3744,91.3170731707317,1903,551,13.439024390243903,251,15,41,0.36585365853658536
inkandswitch,3571,64.92727272727272,783,210,3.8181818181818183,30,30,55,0.5454545454545454
njsmith,773,7.73,300,102,1.02,20,6,100,0.06
moy-boy,24,2.6666666666666665,9,3,0.3333333333333333,2,2,9,0.2222222222222222
whxaxes,2976,53.142857142857146,1962,1452,25.928571428571427,986,6,56,0.10714285714285714
piskvorky,23737,402.3220338983051,16438,5381,91.20338983050847,4408,8,59,0.13559322033898305
grant,227,2.27,55,61,0.61,15,4,100,0.04
curiouskiwi,3,0.25,2,0,0.0,0,2,12,0.16666666666666666
nimaltd,3895,86.55555555555556,705,847,18.822222222222223,176,28,45,0.6222222222222222
fkling,7506,144.34615384615384,6538,1021,19.634615384615383,776,4,52,0.07692307692307693
nyenza,31,3.875,9,1,0.125,1,1,8,0.125
tdlib,13121,6560.5,8847,2922,1461.0,2073,2,2,1.0
cedev935,903,9.03,25,42,0.42,5,2,100,0.02
Wadoozie,391,130.33333333333334,391,6,2.0,6,3,3,1.0
halzhang,526,5.595744680851064,331,251,2.6702127659574466,107,5,94,0.05319148936170213
mar-v-in,826,18.355555555555554,491,241,5.355555555555555,124,7,45,0.15555555555555556
overextended,2480,68.88888888888889,546,3703,102.86111111111111,1058,36,36,1.0
gafferongames,34,8.5,33,3,0.75,3,1,4,0.25
medicinepckt,0,0.0,0,0,0.0,0,0,0,0.0
GunterMueller,4725,47.25,4182,1749,17.49,1348,14,100,0.14
hundredrabbits,14020,438.125,5009,995,31.09375,248,21,32,0.65625
alaingalvan,2180,68.125,692,199,6.21875,56,12,32,0.375
islamic-network,3,3.0,3,0,0.0,0,1,1,1.0
LearningJournal,1563,53.89655172413793,514,2139,73.75862068965517,647,13,29,0.4482758620689655
pik1989,786,7.86,151,710,7.1,153,21,100,0.21
baskerville,14267,203.81428571428572,8267,912,13.028571428571428,438,22,70,0.3142857142857143
barry-far,8078,1154.0,5836,1463,209.0,1104,6,7,0.8571428571428571
mavi888,554,5.54,43,372,3.72,56,8,100,0.08
nomadcoders,2305,23.05,241,2189,21.89,349,35,100,0.35
Mahmoudz,1700,51.515151515151516,1639,183,5.545454545454546,178,24,33,0.7272727272727273
sunshine940326,947,28.696969696969695,523,435,13.181818181818182,222,4,33,0.12121212121212122
travisbrown,910,9.1,430,73,0.73,30,13,100,0.13
TradeSEB,216,5.837837837837838,49,75,2.027027027027027,17,26,37,0.7027027027027027
ezshine,3564,35.64,1954,844,8.44,239,18,100,0.18
thecompez,186,2.325,47,37,0.4625,8,13,80,0.1625
mmazzarolo,8509,100.10588235294118,3052,1156,13.6,390,9,85,0.10588235294117647
ParkYoungWoong,169,1.69,45,129,1.29,29,10,100,0.1
pudo,5695,116.22448979591837,4865,471,9.612244897959183,299,8,49,0.16326530612244897
MatheuZSecurity,3730,149.2,1688,537,21.48,182,18,25,0.72
PuruVJ,7281,72.81,2624,562,5.62,340,14,100,0.14
session-foundation,1575,28.636363636363637,769,518,9.418181818181818,93,36,55,0.6545454545454545
LouisCAD,630,6.3,330,84,0.84,55,4,100,0.04
EhViewer-NekoInverter,3550,273.0769230769231,3539,164,12.615384615384615,161,4,13,0.3076923076923077
catnose99,1210,35.588235294117645,387,222,6.529411764705882,161,7,34,0.20588235294117646
F3lip32010,194,2.9393939393939394,19,7,0.10606060606060606,4,2,66,0.030303030303030304
carla-simulator,17280,480.0,14054,6201,172.25,4592,23,36,0.6388888888888888
volodymyrfedorenko444,17,17.0,17,4,4.0,4,1,1,1.0
anthraxx,1246,13.543478260869565,727,151,1.641304347826087,61,19,92,0.20652173913043478
cloudsec,1268,84.53333333333333,571,558,37.2,213,6,15,0.4
tomwhite,256,2.56,161,120,1.2,76,7,100,0.07
ahmadalfy,245,4.224137931034483,89,54,0.9310344827586207,18,6,58,0.10344827586206896
paaak,315,7.159090909090909,38,3,0.06818181818181818,2,8,44,0.18181818181818182
FoundationAgents,128942,5861.0,68726,19044,865.6363636363636,9836,18,22,0.8181818181818182
mazen160,6161,146.6904761904762,1498,1321,31.452380952380953,186,19,42,0.4523809523809524
leap71,1706,131.23076923076923,941,411,31.615384615384617,158,13,13,1.0
JavierCane,33,1.1,7,14,0.4666666666666667,5,1,30,0.03333333333333333
martincrb,328,5.963636363636364,62,159,2.890909090909091,31,3,55,0.05454545454545454
Instagram,22743,842.3333333333334,13070,2334,86.44444444444444,1539,8,27,0.2962962962962963
oracle-samples,3576,35.76,1232,1647,16.47,622,48,100,0.48
cezaraugusto,6570,139.7872340425532,5826,994,21.148936170212767,853,26,47,0.5531914893617021
daytonaio,73541,1710.2558139534883,72456,6001,139.5581395348837,5612,21,43,0.4883720930232558
unix,957,9.57,406,138,1.38,55,5,100,0.05
eslint,35164,1034.235294117647,27307,6384,187.76470588235293,5020,30,34,0.8823529411764706
SteamDeckHomebrew,7894,375.9047619047619,6857,746,35.523809523809526,244,13,21,0.6190476190476191
valentinawerle,66,9.428571428571429,24,70,10.0,37,4,7,0.5714285714285714
atc1441,7371,106.82608695652173,3310,1267,18.36231884057971,607,40,69,0.5797101449275363
abhi-patil20,210,8.75,25,59,2.4583333333333335,3,23,24,0.9583333333333334
jthomasmock,786,7.86,222,242,2.42,63,5,100,0.05
liuliu,8482,94.24444444444444,7220,1831,20.344444444444445,1702,13,90,0.14444444444444443
geeksourcecodes,343,3.43,24,143,1.43,26,3,100,0.03
Najiib008,64,1.1636363636363636,6,5,0.09090909090909091,1,15,55,0.2727272727272727
Nsoro-Allan,176,1.76,14,2,0.02,2,27,100,0.27
defunctzombie,1216,12.16,399,295,2.95,107,3,100,0.03
stm32duino,6057,60.57,3281,2275,22.75,1080,44,100,0.44
hmkcode,4838,284.5882352941176,3603,5618,330.47058823529414,3378,5,17,0.29411764705882354
zziz,15873,1322.75,15328,2561,213.41666666666666,2432,3,12,0.25
aalmiray,254,2.54,52,78,0.78,15,5,100,0.05
imakewebthings,16024,228.9142857142857,10316,1984,28.34285714285714,1298,3,70,0.04285714285714286
wpeebles,1569,313.8,1011,167,33.4,121,3,5,0.6
danfinlay,246,2.46,95,103,1.03,11,5,100,0.05
t-b-kunkel,87,4.35,19,7,0.35,4,0,20,0.0
ihebski,9448,449.9047619047619,6600,1408,67.04761904761905,776,9,21,0.42857142857142855
exitdump,59,2.107142857142857,9,2,0.07142857142857142,1,11,28,0.39285714285714285
status-im,528,5.28,131,211,2.11,37,9,100,0.09
webprodigies,1475,245.83333333333334,727,770,128.33333333333334,427,5,6,0.8333333333333334
chrmarti,240,2.526315789473684,173,75,0.7894736842105263,38,8,95,0.08421052631578947
MariaDB,9148,269.05882352941177,7723,2809,82.61764705882354,2062,20,34,0.5882352941176471
zaydodonovan,14,3.5,9,2,0.5,1,4,4,1.0
meemknight,2045,20.45,494,359,3.59,69,41,100,0.41
yujqiao,3502,67.34615384615384,2166,356,6.846153846153846,302,11,52,0.21153846153846154
Apleon,10,1.1111111111111112,2,6,0.6666666666666666,2,2,9,0.2222222222222222
CodeTraversal,328,109.33333333333333,288,241,80.33333333333333,230,3,3,1.0
glyph,1468,14.68,647,167,1.67,69,11,100,0.11
whitead,1573,20.69736842105263,741,282,3.710526315789474,135,13,76,0.17105263157894737
fish2018,18367,874.6190476190476,13436,4727,225.0952380952381,3227,21,21,1.0
alvin-the-programmer,73,2.3548387096774195,31,22,0.7096774193548387,10,0,31,0.0
lightclient,319,3.19,70,40,0.4,10,8,100,0.08
needim,7849,270.6551724137931,6626,1210,41.724137931034484,1006,21,29,0.7241379310344828
anajuliabit,127,2.54,34,11,0.22,4,17,50,0.34
eric-haibin-lin,83,0.83,21,34,0.34,10,3,100,0.03
gregturn,105,1.05,47,76,0.76,28,3,100,0.03
DrJimFan,87,12.428571428571429,54,14,2.0,8,1,7,0.14285714285714285
MaximeHeckel,1615,16.15,719,241,2.41,92,13,100,0.13
honcheng,8143,116.32857142857142,2680,1598,22.82857142857143,385,16,70,0.22857142857142856
multikitty,135,1.9565217391304348,18,25,0.36231884057971014,5,12,69,0.17391304347826086
wwwtyro,7399,83.13483146067416,1183,1346,15.123595505617978,361,38,89,0.42696629213483145
kaycebasques,68,2.193548387096774,25,22,0.7096774193548387,8,19,31,0.6129032258064516
taiki-e,3422,34.22,1399,217,2.17,87,62,100,0.62
LinuxSuRen,376,3.76,367,70,0.7,68,1,100,0.01
mzlogin,20090,251.125,12328,4495,56.1875,2292,29,80,0.3625
syssi,3004,30.04,943,864,8.64,293,45,100,0.45
stephenplusplus,152,1.52,67,38,0.38,10,0,100,0.0
ingydotnet,259,2.59,115,73,0.73,21,4,100,0.04
tumobi,15442,467.93939393939394,8351,4663,141.3030303030303,2332,7,33,0.21212121212121213
delta-io,14179,1575.4444444444443,8843,3434,381.55555555555554,2113,9,9,1.0
arp242,6990,69.9,5749,402,4.02,260,35,100,0.35
kiral,44,6.285714285714286,24,24,3.4285714285714284,11,1,7,0.14285714285714285
dthree,17342,2167.75,7748,614,76.75,278,6,8,0.75
LittleSound,1040,12.682926829268293,350,64,0.7804878048780488,21,16,82,0.1951219512195122
milessabin,3762,42.26966292134831,3403,634,7.123595505617978,520,8,89,0.0898876404494382
iarna,993,9.93,338,141,1.41,41,29,100,0.29
SnaKKo,629,314.5,572,92,46.0,84,2,2,1.0
endeavouros-team,1684,42.1,518,402,10.05,126,24,40,0.6
sorah,1789,17.89,1312,127,1.27,41,9,100,0.09
dennisreimann,2780,60.43478260869565,1641,530,11.521739130434783,251,13,46,0.2826086956521739
mmahalwy,43,0.5972222222222222,7,12,0.16666666666666666,3,0,72,0.0
javierbyte,9110,159.82456140350877,2500,734,12.87719298245614,188,22,57,0.38596491228070173
liupan1890,13283,1207.5454545454545,11903,1312,119.27272727272727,1100,3,11,0.2727272727272727
knqyf263,1873,18.73,727,349,3.49,63,15,100,0.15
IMPHNEN,486,12.789473684210526,168,302,7.947368421052632,98,12,38,0.3157894736842105
rosinality,8804,100.04545454545455,2830,1584,18.0,624,17,88,0.19318181818181818
isaac545454,310,3.1,156,74,0.74,67,9,100,0.09
nuuxcode,201,3.5892857142857144,73,24,0.42857142857142855,6,6,56,0.10714285714285714
binghe001,2019,20.19,394,768,7.68,162,31,100,0.31
lucasb-eyer,3950,39.5,2022,630,6.3,428,15,100,0.15
gabevaz,24,0.47058823529411764,6,60,1.1764705882352942,36,1,51,0.0196078431372549
ByteGrad,1356,36.648648648648646,767,710,19.18918918918919,399,16,37,0.43243243243243246
odoomates,480,53.333333333333336,304,556,61.77777777777778,390,5,9,0.5555555555555556
bucanero,3874,38.74,1072,445,4.45,118,38,100,0.38
chad,621,6.21,283,95,0.95,31,11,100,0.11
Sanjeev-Thiyagarajan,1831,35.21153846153846,1101,1639,31.51923076923077,554,8,52,0.15384615384615385
Jsnzkpg,4502,500.22222222222223,3612,486,54.0,350,9,9,1.0
hramos,220,3.142857142857143,41,76,1.0857142857142856,40,6,70,0.08571428571428572
kaleai,7795,371.1904761904762,3132,1219,58.04761904761905,465,12,21,0.5714285714285714
netojoaobatista,208,3.0144927536231885,42,64,0.927536231884058,13,1,69,0.014492753623188406
wangjiegulu,8527,137.53225806451613,2631,1776,28.64516129032258,562,16,62,0.25806451612903225
dsrscientist,140,3.6842105263157894,39,566,14.894736842105264,190,12,38,0.3157894736842105
hoppscotch,80831,4754.764705882353,79488,6503,382.52941176470586,5910,12,17,0.7058823529411765
trevnorris,640,15.238095238095237,210,93,2.2142857142857144,35,9,42,0.21428571428571427
Jermolene,245,7.903225806451613,38,60,1.935483870967742,11,4,31,0.12903225806451613
alyssais,84,0.84,25,12,0.12,4,3,100,0.03
VAST-AI-Research,15398,733.2380952380952,6607,1640,78.0952380952381,835,19,21,0.9047619047619048
Ascotbe,7284,280.15384615384613,3198,1407,54.11538461538461,682,9,26,0.34615384615384615
ccgus,15938,590.2962962962963,13847,2940,108.88888888888889,2740,12,27,0.4444444444444444
rust-vmm,3384,99.52941176470588,595,1290,37.94117647058823,142,23,34,0.6764705882352942
stemkoski,3043,66.15217391304348,1831,1307,28.41304347826087,706,8,46,0.17391304347826086
jtpio,325,3.25,218,43,0.43,17,11,100,0.11
zainfathoni,192,1.92,78,43,0.43,19,10,100,0.1
torvalds,248499,20708.25,236107,63749,5312.416666666667,62675,12,12,1.0
karpathy,465222,7384.476190476191,86189,68832,1092.5714285714287,12491,63,63,1.0
openai,395775,3957.75,90455,65075,650.75,13318,100,100,1.0
microsoft,12367,123.67,2806,3986,39.86,958,76,100,0.76
claude,0,0.0,0,0,0.0,0,0,0,0.0
gustavoguanabara,29471,3683.875,16322,6664,833.0,3849,8,8,1.0
yyx990803,6550,65.5,2538,1021,10.21,228,25,100,0.25
deepseek-ai,412584,12134.823529411764,103737,54340,1598.235294117647,16735,34,34,1.0
gaearon,3426,34.26,1420,459,4.59,171,12,100,0.12
peng-zhihui,85251,1420.85,15077,17671,294.51666666666665,3148,60,60,1.0
ruanyf,208499,2779.9866666666667,93616,37520,500.26666666666665,8871,71,75,0.9466666666666667
sindresorhus,606064,6060.64,474848,46441,464.41,35370,57,100,0.57
github,81702,817.02,34838,24194,241.94,4280,86,100,0.86
bradtraversy,122914,1229.14,66000,34627,346.27,12087,66,100,0.66
google,78472,784.72,20074,14481,144.81,3550,70,100,0.7
anthropics,548827,6098.077777777778,149456,74798,831.0888888888888,21348,90,90,1.0
JakeWharton,80080,800.8,25366,14104,141.04,4552,73,100,0.73
huggingface,169443,1694.43,33830,23961,239.61,7041,94,100,0.94
TheAlgorithms,454943,10339.613636363636,221856,103487,2351.9772727272725,50744,43,44,0.9772727272727273
lucidrains,55266,552.66,11313,5824,58.24,1283,58,100,0.58
rafaballerini,21107,357.7457627118644,10520,25368,429.96610169491527,18939,59,59,1.0
hiteshchoudhary,47857,478.57,12747,11846,118.46,2800,76,100,0.76
IDouble,4299,70.47540983606558,441,685,11.229508196721312,109,61,61,1.0
tj,81975,819.75,28256,6092,60.92,1749,23,100,0.23
steipete,42902,429.02,14615,4484,44.84,1266,100,100,1.0
EpicGames,5892,491.0,3622,3914,326.1666666666667,2771,11,12,0.9166666666666666
addyosmani,97223,972.23,54339,10222,102.22,5910,40,100,0.4
ThePrimeagen,22699,226.99,9111,1863,18.63,484,42,100,0.42
modelcontextprotocol,178064,4239.619047619048,87069,25645,610.5952380952381,10979,42,42,1.0
geohot,23649,236.49,6519,3000,30.0,522,56,100,0.56
getify,216227,2921.9864864864867,184517,36975,499.6621621621622,33528,74,74,1.0
krishnaik06,19574,195.74,2787,15691,156.91,3483,66,100,0.66
CodeWithHarry,21271,518.8048780487804,11467,8161,199.0487804878049,3064,36,41,0.8780487804878049
3b1b,99692,11076.888888888889,87523,9819,1091.0,7306,9,9,1.0
nilbuild,455231,4552.31,356774,53119,531.19,44193,67,100,0.67
filipedeschamps,14664,666.5454545454545,6351,2297,104.4090909090909,617,22,22,1.0
antfu,20581,205.81,6204,1573,15.73,576,48,100,0.48
Microsoft-corp,0,0.0,0,0,0.0,0,0,0,0.0
michaelliao,19794,197.94,6458,17925,179.25,4767,50,100,0.5
rasbt,155509,1555.09,96992,30720,307.2,14836,50,100,0.5
midudev,33455,334.55,8955,4800,48.0,1201,100,100,1.0
JohnMwendwa,2994,29.94,176,222,2.22,58,100,100,1.0
apple,114636,1146.36,31916,9613,96.13,1680,93,100,0.93
kunal-kushwaha,29598,616.625,22867,16004,333.4166666666667,13333,17,48,0.3541666666666667
adrianhajdin,87091,870.91,7076,25649,256.49,1878,85,100,0.85
llSourcell,10757,107.57,969,4958,49.58,496,43,100,0.43
dmalan,718,34.19047619047619,248,202,9.619047619047619,89,10,21,0.47619047619047616
facebookresearch,59522,595.22,23367,6359,63.59,2637,96,100,0.96
mouredev,116032,2231.3846153846152,35988,22591,434.4423076923077,6113,52,52,1.0
facebook,347480,3474.8,65177,54026,540.26,9923,97,100,0.97
taylorotwell,1105,32.5,324,208,6.117647058823529,64,14,34,0.4117647058823529
wesbos,26426,264.26,6770,9979,99.79,2850,28,100,0.28
kentcdodds,10685,106.85,2635,2078,20.78,694,20,100,0.2
Visual-Studio-Code,296,296.0,296,765,765.0,765,1,1,1.0
freeCodeCamp,47989,479.89,39056,48050,480.5,9766,56,100,0.56
ry,5713,92.14516129032258,1665,1191,19.20967741935484,622,26,62,0.41935483870967744
diego3g,9453,126.04,1953,1771,23.613333333333333,353,26,75,0.3466666666666667
iamshaunjp,19242,192.42,1964,16646,166.46,1759,69,100,0.69
WebDevSimplified,7754,77.54,1036,7560,75.6,2581,52,100,0.52
iam-veeramalla,74587,768.9381443298969,11040,143710,1481.5463917525774,19093,97,97,1.0
paulirish,3589,35.89,1176,408,4.08,126,11,100,0.11
tiangolo,16124,322.48,3006,2897,57.94,611,32,50,0.64
python,117474,1290.923076923077,73170,47246,519.1868131868132,34723,72,91,0.7912087912087912
kennethreitz,21827,279.8333333333333,7221,2107,27.012820512820515,566,33,78,0.4230769230769231
ReVanced,50970,1019.4,28233,4287,85.74,1091,44,50,0.88
community,9432,2358.0,8416,5056,1264.0,3811,4,4,1.0
pewdiepie-archdaemon,71449,35724.5,68207,8686,4343.0,8545,2,2,1.0
StephenGrider,16976,169.76,2154,13913,139.13,2690,36,100,0.36
benawad,18515,185.15,9027,3316,33.16,1431,17,100,0.17
vercel,151260,1512.6,44597,25343,253.43,6654,82,100,0.82
jonasschmedtmann,33049,4721.285714285715,17147,31788,4541.142857142857,17496,7,7,1.0
datawhalechina,180150,1801.5,58514,26794,267.94,7157,84,100,0.84
gamemann,1416,14.16,168,108,1.08,28,35,100,0.35
antirez,72419,724.19,13460,8819,88.19,1431,82,100,0.82
brahmGAN,3187,177.05555555555554,1567,160,8.88888888888889,102,8,18,0.4444444444444444
elyxdev,167,11.133333333333333,40,4049,269.93333333333334,2445,6,15,0.4
geerlingguy,28121,281.21,9785,14733,147.33,3770,53,100,0.53
buckyroberts,8470,188.22222222222223,2174,7030,156.22222222222223,2837,16,45,0.35555555555555557
jwasham,366166,12205.533333333333,351148,87517,2917.233333333333,83420,20,30,0.6666666666666666
hadley,6990,69.9,2457,3114,31.14,1697,39,100,0.39
NVIDIA,40433,404.33,9895,5938,59.38,1520,85,100,0.85
gvanrossum,2550,91.07142857142857,1041,249,8.892857142857142,65,21,28,0.75
ProgrammingHero1,2094,20.94,950,885,8.85,386,32,100,0.32
BEPb,5595,130.11627906976744,3147,1186,27.58139534883721,935,38,43,0.8837209302325582
mrdoob,131537,2267.8793103448274,112974,39085,673.8793103448276,36378,43,58,0.7413793103448276
techwithtim,7862,78.62,1006,4473,44.73,1055,73,100,0.73
dhh,249,41.5,87,40,6.666666666666667,17,6,6,1.0
mitsuhiko,6461,64.61,2616,743,7.43,205,24,100,0.24
sdras,57610,576.1,27891,5921,59.21,1673,43,100,0.43
daimajia,46942,488.9791666666667,12447,10768,112.16666666666667,2639,24,96,0.25
google-deepmind,72909,729.09,15012,11176,111.76,2884,87,100,0.87
mojombo,14211,215.3181818181818,3257,3973,60.196969696969695,810,55,66,0.8333333333333334
hkirat,6335,63.35,1793,2746,27.46,832,42,100,0.42
kelseyhightower,20915,209.15,8424,3543,35.43,1396,32,100,0.32
SebLague,34918,375.4623655913978,4592,8298,89.2258064516129,1019,65,93,0.6989247311827957
donnemartin,452649,16764.777777777777,352661,73855,2735.3703703703704,56667,17,27,0.6296296296296297
mdo,21520,652.1212121212121,8478,2267,68.6969696969697,1109,28,33,0.8484848484848485
keijiro,12652,126.52,4114,1521,15.21,426,43,100,0.43
jadijadi,9454,94.54,1120,2763,27.63,1097,54,100,0.54
mli,42786,2037.4285714285713,33430,3912,186.28571428571428,2810,7,21,0.3333333333333333
liyupi,65909,659.09,15607,13392,133.92,1751,67,100,0.67
mbostock,5012,56.95454545454545,1146,742,8.431818181818182,157,10,88,0.11363636363636363
tpope,108000,1270.5882352941176,21662,6119,71.98823529411764,1144,52,85,0.611764705882353
chiphuyen,56857,1895.2333333333333,15974,11547,384.9,4255,30,30,1.0
Visualize-ML,41066,4106.6,9919,7374,737.4,1535,10,10,1.0
codediodeio,6883,105.8923076923077,1672,2338,35.96923076923077,727,14,65,0.2153846153846154
apache,56860,568.6,45779,22166,221.66,17221,69,100,0.69
mitchellh,44110,441.1,8036,4506,45.06,723,72,100,0.72
octocat,21535,2691.875,13841,164722,20590.25,157497,8,8,1.0
defunkt,35122,351.22,16648,5120,51.2,1932,26,100,0.26
dotnet,216869,2168.69,38021,81838,818.38,24739,88,100,0.88
mattpocock,5755,57.55,2148,672,6.72,245,100,100,1.0
programthink,42076,8415.2,20036,8440,1688.0,3510,5,5,1.0
termux,104611,1660.4920634920634,56248,17092,271.3015873015873,6752,63,63,1.0
xiaolai,5184,51.84,1236,2164,21.64,522,95,100,0.95
standardgalactic,21,0.21,3,1,0.01,1,9,100,0.09
openclaw,423874,5728.027027027027,378204,85044,1149.2432432432433,79094,74,74,1.0
brunosimon,16113,191.82142857142858,4693,2815,33.51190476190476,1021,43,84,0.5119047619047619
flutter,216539,9022.458333333334,176880,49633,2068.0416666666665,30496,24,24,1.0
douglascrockford,12562,628.1,8725,5010,250.5,4497,17,20,0.85
AlexTheAnalyst,6337,333.5263157894737,1521,4344,228.6315789473684,1069,19,19,1.0
MorvanZhou,41477,727.6666666666666,12948,18008,315.9298245614035,5684,34,57,0.5964912280701754
cloudwu,12773,127.73,2520,3609,36.09,681,41,100,0.41
kenjinote,963,9.63,418,92,0.92,18,14,100,0.14
Asabeneh,145355,1453.55,64567,31641,316.41,12143,47,100,0.47
tensorflow,487616,4876.16,195608,177552,1775.52,75183,91,100,0.91
JacksonTian,24463,244.63,17944,5776,57.76,4518,12,100,0.12
lllyasviel,168436,4432.526315789473,50031,19338,508.89473684210526,8073,28,38,0.7368421052631579
lucast1574,338,8.047619047619047,166,753,17.928571428571427,235,27,42,0.6428571428571429
phodal,22005,220.05,4598,3794,37.94,824,40,100,0.4
john-smilga,6051,60.51,3924,5461,54.61,3944,20,100,0.2
angelabauer,1176,25.02127659574468,433,1298,27.617021276595743,672,9,47,0.19148936170212766
Rich-Harris,11279,112.79,7875,480,4.8,280,10,100,0.1
developedbyed,3419,155.4090909090909,923,2412,109.63636363636364,589,14,22,0.6363636363636364
GoogleCloudPlatform,12005,120.05,6465,5399,53.99,1486,57,100,0.57
cs50,5984,59.84,2140,4131,41.31,895,49,100,0.49
vuejs,557583,5575.83,209845,97584,975.84,33706,73,100,0.73
MrXyfir,206,34.333333333333336,48,25,4.166666666666667,12,0,6,0.0
tachiyomiorg,2289,163.5,1135,2983,213.07142857142858,1769,12,14,0.8571428571428571
ggerganov,26110,367.7464788732394,9003,1826,25.718309859154928,607,38,71,0.5352112676056338
alibaba,180819,1808.19,37359,36257,362.57,7638,82,100,0.82
langchain-ai,201401,2014.01,139057,39462,394.62,23043,98,100,0.98
loiane,5239,52.39,1972,2412,24.12,697,17,100,0.17
shiffman,3619,36.19,607,1072,10.72,269,17,100,0.17
home-assistant,129994,1299.94,87652,64610,646.1,37655,68,100,0.68
jakevdp,1579,15.79,240,821,8.21,183,19,100,0.19
PacktPublishing,730,7.3,102,499,4.99,68,13,100,0.13
unicitynetwork,16622,213.10256410256412,16488,590,7.564102564102564,566,42,78,0.5384615384615384
mattt,21437,214.37,2596,1576,15.76,195,60,100,0.6
jeresig,6594,65.94,2554,887,8.87,458,8,100,0.08
chrisbanes,36673,591.5,8649,9810,158.2258064516129,4634,28,62,0.45161290322580644
t3dotgg,3760,37.6,1278,597,5.97,228,46,100,0.46
android,114544,1145.44,45716,32000,320.0,11869,79,100,0.79
cumsoft,318,39.75,66,33,4.125,12,8,8,1.0
sandhikagalih,5962,59.62,1125,6099,60.99,2018,33,100,0.33
esin,937,18.01923076923077,155,70,1.3461538461538463,10,37,52,0.7115384615384616
fchollet,36613,2288.3125,20131,13328,833.0,9052,12,16,0.75
bytedance,115512,1155.12,70984,15008,150.08,9617,79,100,0.79
akitaonrails,5731,57.31,569,750,7.5,65,100,100,1.0
aws-samples,1386,13.86,288,749,7.49,113,70,100,0.7
metatimeofficial,20672,10336.0,18975,678,339.0,656,2,2,1.0
trekhleb,256497,9499.888888888889,196071,40111,1485.5925925925926,31058,23,27,0.8518518518518519
AUTOMATIC1111,169936,3776.3555555555554,163621,31679,703.9777777777778,30364,29,45,0.6444444444444445
ageron,73642,800.4565217391304,29938,32711,355.55434782608694,13188,26,92,0.2826086956521739
vczh,3086,237.3846153846154,1076,703,54.07692307692308,294,5,13,0.38461538461538464
halfrost,50315,1479.8529411764705,33774,8486,249.58823529411765,5734,14,34,0.4117647058823529
rust-lang,72721,727.21,17915,15627,156.27,4039,78,100,0.78
codecrafters-io,516820,5168.2,514414,49390,493.9,48744,47,100,0.47
QwenLM,183073,4068.288888888889,27299,16014,355.8666666666667,2492,45,45,1.0
jackfrued,1377,13.77,427,736,7.36,254,27,100,0.27
JeffreyWay,3641,54.343283582089555,618,1125,16.791044776119403,296,10,67,0.14925373134328357
justjavac,57286,572.86,51090,10119,101.19,9018,18,100,0.18
atilsamancioglu,772,7.72,104,425,4.25,39,23,100,0.23
Trinea,40603,1691.7916666666667,31829,16459,685.7916666666666,11832,9,24,0.375
peter-kimanzi,1707,17.07,264,266,2.66,56,35,100,0.35
codingforentrepreneurs,8217,82.17,2475,4475,44.75,1347,34,100,0.34
rauchg,6686,66.86,1410,2674,26.74,2048,17,100,0.17
ahejlsberg,371,92.75,152,57,14.25,27,4,4,1.0
maykbrito,4514,45.14,1633,3817,38.17,1344,100,100,1.0
jlord,9150,91.5,4880,3874,38.74,1212,14,100,0.14
spring-projects,230704,2883.8,80873,152771,1909.6375,41928,71,80,0.8875
wesm,28317,283.17,24644,15993,159.93,15691,10,100,0.1
spf13,76513,765.13,44076,9131,91.31,3543,20,100,0.2
LeaVerou,25578,255.78,6978,3700,37.0,699,41,100,0.41
josevalim,1425,19.791666666666668,439,128,1.7777777777777777,28,19,72,0.2638888888888889
isaacs,1471,14.71,273,256,2.56,39,28,100,0.28
OracleBrain,812,16.24,103,71,1.42,21,48,50,0.96
Ovilia,9122,138.21212121212122,2845,1702,25.78787878787879,471,10,66,0.15151515151515152
danielmiessler,136552,1773.4025974025974,71501,32816,426.1818181818182,25029,54,77,0.7012987012987013
nodejs,38889,388.89,8565,8139,81.39,1998,55,100,0.55
google-research,127109,1271.09,40025,25037,250.37,9704,91,100,0.91
stormzhang,7782,972.75,3137,2459,307.375,1067,8,8,1.0
leerob,16221,415.9230769230769,7557,2929,75.1025641025641,1442,34,39,0.8717948717948718
lifesinger,5585,2792.5,5574,0,0.0,0,1,2,0.5
DIYgod,80951,834.5463917525773,44650,14880,153.4020618556701,9919,36,97,0.3711340206185567
onevcat,32976,329.76,24346,3446,34.46,2760,26,100,0.26
idimetrix,12,0.12,6,1,0.01,1,1,100,0.01
gopinav,6330,75.35714285714286,799,5504,65.52380952380952,751,38,84,0.4523809523809524
aws,32475,324.75,10950,14007,140.07,6973,80,100,0.8
florinpop17,99735,997.35,94891,11898,118.98,10482,20,100,0.2
ForrestKnight,28491,647.5227272727273,22774,5293,120.29545454545455,3249,25,44,0.5681818181818182
shadcn,2484,24.84,1692,109,1.09,56,15,100,0.15
mosh-hamedani,5233,158.57575757575756,958,5172,156.72727272727272,1545,31,33,0.9393939393939394
ossu,245715,24571.5,204812,32012,3201.2,25464,10,10,1.0
Charles-Chrismann,335,11.551724137931034,85,27,0.9310344827586207,11,20,29,0.6896551724137931
charmbracelet,210904,3905.6296296296296,43052,7722,143.0,1804,54,54,1.0
kubowania,4891,48.91,516,3104,31.04,589,46,100,0.46
ChrisTitusTech,74710,747.1,55805,7880,78.8,3172,100,100,1.0
simonw,4809,48.09,1559,624,6.24,181,23,100,0.23
johnpapa,34021,340.21,23648,10831,108.31,4046,27,100,0.27
in28minutes,34718,347.18,2907,40774,407.74,6770,67,100,0.67
twitter,216835,2168.35,73414,37427,374.27,13279,100,100,1.0
Klerith,1167,11.67,359,2312,23.12,1198,32,100,0.32
lydiahallie,68845,1075.703125,65325,10159,158.734375,9222,13,64,0.203125
ethereum,31192,311.92,13880,14380,143.8,6015,100,100,1.0
astaxie,55618,670.0963855421687,43916,13081,157.6024096385542,10473,18,83,0.21686746987951808
matheusbattisti,7351,73.51,882,3237,32.37,544,50,100,0.5
flipperdevices,27673,276.73,16142,5353,53.53,3380,73,100,0.73
unclebob,6871,75.50549450549451,2112,1551,17.043956043956044,709,56,91,0.6153846153846154
acdlite,34936,472.1081081081081,14802,2602,35.16216216216216,1222,13,74,0.17567567567567569
cassidoo,11205,112.05,7652,1351,13.51,701,34,100,0.34
feross,12829,128.29,1883,1544,15.44,259,38,100,0.38
anuraghazra,82175,821.75,79630,37617,376.17,34292,29,100,0.29
Azure,6547,65.47,1020,4587,45.87,652,52,100,0.52
RubyLouvre,14700,147.0,5774,3595,35.95,1397,14,100,0.14
sorrycc,43402,434.02,34981,5334,53.34,4535,16,100,0.16
taniarascia,20998,428.53061224489795,7125,5679,115.89795918367346,1315,26,49,0.5306122448979592
eust-w,434,4.34,51,57,0.57,17,37,100,0.37
CyC2018,191386,27340.85714285714,184521,52915,7559.285714285715,50893,5,7,0.7142857142857143
tannerlinsley,339,3.39,98,128,1.28,57,38,100,0.38
goodfeli,8471,445.8421052631579,4074,2369,124.6842105263158,1101,7,19,0.3684210526315789
mustafacagri,965,22.976190476190474,245,176,4.190476190476191,53,33,42,0.7857142857142857
elder-plinius,66895,1454.2391304347825,27851,11790,256.30434782608694,5112,46,46,1.0
docker,148110,1481.1,45516,43134,431.34,8357,96,100,0.96
unknwon,59079,1136.1346153846155,35087,13651,262.5192307692308,8522,23,52,0.4423076923076923
davidfowl,13514,135.14,8509,1338,13.38,778,29,100,0.29
Kwynto,1379,68.95,260,84,4.2,18,18,20,0.9
schacon,3867,38.67,1350,3004,30.04,2229,17,100,0.17
twbs,220990,7892.5,174306,87185,3113.75,78826,20,28,0.7142857142857143
PremChapagain,77,38.5,77,13,6.5,13,1,2,0.5
evanw,54839,548.39,39920,3100,31.0,1310,20,100,0.2
brianyu28,416,10.146341463414634,66,110,2.682926829268293,29,14,41,0.34146341463414637
google-gemini,164231,3732.5227272727275,105171,24952,567.0909090909091,14041,44,44,1.0
Code-Bullet,4902,196.08,802,1646,65.84,263,25,25,1.0
ishandutta2007,177,1.77,17,9,0.09,3,53,100,0.53
acenelio,1931,19.31,582,1074,10.74,191,18,100,0.18
fengdu78,91085,5357.941176470588,37135,28687,1687.4705882352941,11182,13,17,0.7647058823529411
tomnomnom,37952,379.52,14453,4173,41.73,678,27,100,0.27
yinwang0,2098,110.42105263157895,1421,906,47.68421052631579,499,8,19,0.42105263157894735
cloudflare,47330,473.3,9434,5907,59.07,1142,69,100,0.69
netlify,4076,40.76,1886,1139,11.39,459,22,100,0.22
n8n-io,212614,4944.511627906977,192089,69363,1613.093023255814,58467,43,43,1.0
kubernetes,296366,3704.575,122928,118222,1477.775,43190,78,80,0.975
rexim,2898,36.68354430379747,601,254,3.2151898734177213,65,79,79,1.0
bailicangdu,86836,3947.090909090909,41064,25946,1179.3636363636363,12279,8,22,0.36363636363636365
tjdevries,5272,52.72,1210,323,3.23,113,24,100,0.24
intel-innersource,0,0.0,0,0,0.0,0,0,0,0.0
tsoding,9336,93.36,793,704,7.04,90,66,100,0.66
jessfraz,22859,228.59,13940,3841,38.41,2514,20,100,0.2
jashkenas,78612,3417.913043478261,28108,13732,597.0434782608696,5447,11,23,0.4782608695652174
CoreyMSchafer,12229,394.48387096774195,10586,18188,586.7096774193549,17240,31,31,1.0
jonhoo,7763,77.63,2007,652,6.52,174,32,100,0.32
Stability-AI,78993,789.93,27181,7979,79.79,3092,82,100,0.82
knadh,42576,645.0909090909091,21503,4414,66.87878787878788,2314,64,66,0.9696969696969697
KaimingHe,7672,3836.0,6736,2484,1242.0,2233,2,2,1.0
george0st,2599,96.25925925925925,411,82,3.037037037037037,21,27,27,1.0
Tencent,153335,1533.35,18391,25053,250.53,3691,96,100,0.96
btholt,22088,220.88,3589,7202,72.02,1099,42,100,0.42
fabpot,2500,29.41176470588235,1182,352,4.141176470588236,77,14,85,0.16470588235294117
PanJiaChen,118843,1650.5972222222222,90259,41546,577.0277777777778,30451,9,72,0.125
bot50,0,0.0,0,0,0.0,0,0,0,0.0
vbuterin,3414,48.08450704225352,1329,1468,20.676056338028168,877,70,71,0.9859154929577465
mattn,3305,33.05,1572,298,2.98,132,17,100,0.17
ashishps1,96169,2289.7380952380954,38649,21543,512.9285714285714,8314,40,42,0.9523809523809523
soumith,18414,184.14,11620,3657,36.57,1646,18,100,0.18
bradfitz,11659,116.59,2057,1224,12.24,474,41,100,0.41
abuanwar072,32037,376.90588235294115,7096,12716,149.6,2013,72,85,0.8470588235294118
gitdagray,7150,71.5,1198,4804,48.04,902,62,100,0.62
yangshun,49403,494.03,43960,6788,67.88,5939,15,100,0.15
egoist,5108,51.08,1348,348,3.48,63,15,100,0.15
adamwathan,2593,25.93,501,523,5.23,114,10,100,0.1
professorguanabara,1207,172.42857142857142,699,125,17.857142857142858,68,7,7,1.0
philipplackner,4427,44.27,706,2149,21.49,435,64,100,0.64
draveness,16154,316.7450980392157,8092,2800,54.90196078431372,1944,12,51,0.23529411764705882
breakwa11,3749,468.625,3145,1034,129.25,718,6,8,0.75
pytorch,223811,3197.3,100658,64149,916.4142857142857,27978,62,70,0.8857142857142857
JetBrains,32657,326.57,19120,3140,31.4,1400,46,100,0.46
nicknochnack,5405,54.05,498,3530,35.3,439,46,100,0.46
rakyll,10116,101.16,4704,1124,11.24,500,19,100,0.19
LaurieWired,20284,533.7894736842105,9193,1723,45.3421052631579,934,38,38,1.0
hongyangAndroid,44818,448.18,6843,12815,128.15,2367,28,100,0.28
angusshire,2129,118.27777777777777,1553,301,16.72222222222222,170,12,18,0.6666666666666666
developit,10459,104.59,4689,794,7.94,541,11,100,0.11
CelaDaniel,973,9.73,530,179,1.79,79,17,100,0.17
mathiasbynens,1575,15.75,519,232,2.32,98,7,100,0.07
miguelgrinberg,26405,264.05,8753,8041,80.41,4266,36,100,0.36
obsidianmd,38566,2754.714285714286,18658,11624,830.2857142857143,7050,14,14,1.0
TheCherno,18335,482.5,12998,3837,100.97368421052632,1565,31,38,0.8157894736842105
mdn,48153,481.53,10792,65882,658.82,27304,60,100,0.6
skydoves,65853,803.0853658536586,8330,6123,74.67073170731707,1108,73,82,0.8902439024390244
